name,email,password,role
Parth0,Parth0@iu.edu,123456,Admin
Parth1,Parth1@iu.edu,123456,Admin
Parth2,Parth2@iu.edu,123456,Admin
Parth3,Parth3@iu.edu,123456,Admin
Parth4,Parth4@iu.edu,123456,Admin
Parth5,Parth5@iu.edu,123456,Admin
Parth6,Parth6@iu.edu,123456,Admin
Parth7,Parth7@iu.edu,123456,Admin
Parth8,Parth8@iu.edu,123456,Admin
Parth9,Parth9@iu.edu,123456,Admin
Parth10,Parth10@iu.edu,123456,Admin
Parth11,Parth11@iu.edu,123456,Admin
Parth12,Parth12@iu.edu,123456,Admin
Parth13,Parth13@iu.edu,123456,Admin
Parth14,Parth14@iu.edu,123456,Admin
Parth15,Parth15@iu.edu,123456,Admin
Parth16,Parth16@iu.edu,123456,Admin
Parth17,Parth17@iu.edu,123456,Admin
Parth18,Parth18@iu.edu,123456,Admin
Parth19,Parth19@iu.edu,123456,Admin
Parth20,Parth20@iu.edu,123456,Admin
Parth21,Parth21@iu.edu,123456,Admin
Parth22,Parth22@iu.edu,123456,Admin
Parth23,Parth23@iu.edu,123456,Admin
Parth24,Parth24@iu.edu,123456,Admin
Parth25,Parth25@iu.edu,123456,Admin
Parth26,Parth26@iu.edu,123456,Admin
Parth27,Parth27@iu.edu,123456,Admin
Parth28,Parth28@iu.edu,123456,Admin
Parth29,Parth29@iu.edu,123456,Admin
Parth30,Parth30@iu.edu,123456,Admin
Parth31,Parth31@iu.edu,123456,Admin
Parth32,Parth32@iu.edu,123456,Admin
Parth33,Parth33@iu.edu,123456,Admin
Parth34,Parth34@iu.edu,123456,Admin
Parth35,Parth35@iu.edu,123456,Admin
Parth36,Parth36@iu.edu,123456,Admin
Parth37,Parth37@iu.edu,123456,Admin
Parth38,Parth38@iu.edu,123456,Admin
Parth39,Parth39@iu.edu,123456,Admin
Parth40,Parth40@iu.edu,123456,Admin
Parth41,Parth41@iu.edu,123456,Admin
Parth42,Parth42@iu.edu,123456,Admin
Parth43,Parth43@iu.edu,123456,Admin
Parth44,Parth44@iu.edu,123456,Admin
Parth45,Parth45@iu.edu,123456,Admin
Parth46,Parth46@iu.edu,123456,Admin
Parth47,Parth47@iu.edu,123456,Admin
Parth48,Parth48@iu.edu,123456,Admin
Parth49,Parth49@iu.edu,123456,Admin
Parth50,Parth50@iu.edu,123456,Admin
Parth51,Parth51@iu.edu,123456,Admin
Parth52,Parth52@iu.edu,123456,Admin
Parth53,Parth53@iu.edu,123456,Admin
Parth54,Parth54@iu.edu,123456,Admin
Parth55,Parth55@iu.edu,123456,Admin
Parth56,Parth56@iu.edu,123456,Admin
Parth57,Parth57@iu.edu,123456,Admin
Parth58,Parth58@iu.edu,123456,Admin
Parth59,Parth59@iu.edu,123456,Admin
Parth60,Parth60@iu.edu,123456,Admin
Parth61,Parth61@iu.edu,123456,Admin
Parth62,Parth62@iu.edu,123456,Admin
Parth63,Parth63@iu.edu,123456,Admin
Parth64,Parth64@iu.edu,123456,Admin
Parth65,Parth65@iu.edu,123456,Admin
Parth66,Parth66@iu.edu,123456,Admin
Parth67,Parth67@iu.edu,123456,Admin
Parth68,Parth68@iu.edu,123456,Admin
Parth69,Parth69@iu.edu,123456,Admin
Parth70,Parth70@iu.edu,123456,Admin
Parth71,Parth71@iu.edu,123456,Admin
Parth72,Parth72@iu.edu,123456,Admin
Parth73,Parth73@iu.edu,123456,Admin
Parth74,Parth74@iu.edu,123456,Admin
Parth75,Parth75@iu.edu,123456,Admin
Parth76,Parth76@iu.edu,123456,Admin
Parth77,Parth77@iu.edu,123456,Admin
Parth78,Parth78@iu.edu,123456,Admin
Parth79,Parth79@iu.edu,123456,Admin
Parth80,Parth80@iu.edu,123456,Admin
Parth81,Parth81@iu.edu,123456,Admin
Parth82,Parth82@iu.edu,123456,Admin
Parth83,Parth83@iu.edu,123456,Admin
Parth84,Parth84@iu.edu,123456,Admin
Parth85,Parth85@iu.edu,123456,Admin
Parth86,Parth86@iu.edu,123456,Admin
Parth87,Parth87@iu.edu,123456,Admin
Parth88,Parth88@iu.edu,123456,Admin
Parth89,Parth89@iu.edu,123456,Admin
Parth90,Parth90@iu.edu,123456,Admin
Parth91,Parth91@iu.edu,123456,Admin
Parth92,Parth92@iu.edu,123456,Admin
Parth93,Parth93@iu.edu,123456,Admin
Parth94,Parth94@iu.edu,123456,Admin
Parth95,Parth95@iu.edu,123456,Admin
Parth96,Parth96@iu.edu,123456,Admin
Parth97,Parth97@iu.edu,123456,Admin
Parth98,Parth98@iu.edu,123456,Admin
Parth99,Parth99@iu.edu,123456,Admin
Parth100,Parth100@iu.edu,123456,Admin
Parth101,Parth101@iu.edu,123456,Admin
Parth102,Parth102@iu.edu,123456,Admin
Parth103,Parth103@iu.edu,123456,Admin
Parth104,Parth104@iu.edu,123456,Admin
Parth105,Parth105@iu.edu,123456,Admin
Parth106,Parth106@iu.edu,123456,Admin
Parth107,Parth107@iu.edu,123456,Admin
Parth108,Parth108@iu.edu,123456,Admin
Parth109,Parth109@iu.edu,123456,Admin
Parth110,Parth110@iu.edu,123456,Admin
Parth111,Parth111@iu.edu,123456,Admin
Parth112,Parth112@iu.edu,123456,Admin
Parth113,Parth113@iu.edu,123456,Admin
Parth114,Parth114@iu.edu,123456,Admin
Parth115,Parth115@iu.edu,123456,Admin
Parth116,Parth116@iu.edu,123456,Admin
Parth117,Parth117@iu.edu,123456,Admin
Parth118,Parth118@iu.edu,123456,Admin
Parth119,Parth119@iu.edu,123456,Admin
Parth120,Parth120@iu.edu,123456,Admin
Parth121,Parth121@iu.edu,123456,Admin
Parth122,Parth122@iu.edu,123456,Admin
Parth123,Parth123@iu.edu,123456,Admin
Parth124,Parth124@iu.edu,123456,Admin
Parth125,Parth125@iu.edu,123456,Admin
Parth126,Parth126@iu.edu,123456,Admin
Parth127,Parth127@iu.edu,123456,Admin
Parth128,Parth128@iu.edu,123456,Admin
Parth129,Parth129@iu.edu,123456,Admin
Parth130,Parth130@iu.edu,123456,Admin
Parth131,Parth131@iu.edu,123456,Admin
Parth132,Parth132@iu.edu,123456,Admin
Parth133,Parth133@iu.edu,123456,Admin
Parth134,Parth134@iu.edu,123456,Admin
Parth135,Parth135@iu.edu,123456,Admin
Parth136,Parth136@iu.edu,123456,Admin
Parth137,Parth137@iu.edu,123456,Admin
Parth138,Parth138@iu.edu,123456,Admin
Parth139,Parth139@iu.edu,123456,Admin
Parth140,Parth140@iu.edu,123456,Admin
Parth141,Parth141@iu.edu,123456,Admin
Parth142,Parth142@iu.edu,123456,Admin
Parth143,Parth143@iu.edu,123456,Admin
Parth144,Parth144@iu.edu,123456,Admin
Parth145,Parth145@iu.edu,123456,Admin
Parth146,Parth146@iu.edu,123456,Admin
Parth147,Parth147@iu.edu,123456,Admin
Parth148,Parth148@iu.edu,123456,Admin
Parth149,Parth149@iu.edu,123456,Admin
Parth150,Parth150@iu.edu,123456,Admin
Parth151,Parth151@iu.edu,123456,Admin
Parth152,Parth152@iu.edu,123456,Admin
Parth153,Parth153@iu.edu,123456,Admin
Parth154,Parth154@iu.edu,123456,Admin
Parth155,Parth155@iu.edu,123456,Admin
Parth156,Parth156@iu.edu,123456,Admin
Parth157,Parth157@iu.edu,123456,Admin
Parth158,Parth158@iu.edu,123456,Admin
Parth159,Parth159@iu.edu,123456,Admin
Parth160,Parth160@iu.edu,123456,Admin
Parth161,Parth161@iu.edu,123456,Admin
Parth162,Parth162@iu.edu,123456,Admin
Parth163,Parth163@iu.edu,123456,Admin
Parth164,Parth164@iu.edu,123456,Admin
Parth165,Parth165@iu.edu,123456,Admin
Parth166,Parth166@iu.edu,123456,Admin
Parth167,Parth167@iu.edu,123456,Admin
Parth168,Parth168@iu.edu,123456,Admin
Parth169,Parth169@iu.edu,123456,Admin
Parth170,Parth170@iu.edu,123456,Admin
Parth171,Parth171@iu.edu,123456,Admin
Parth172,Parth172@iu.edu,123456,Admin
Parth173,Parth173@iu.edu,123456,Admin
Parth174,Parth174@iu.edu,123456,Admin
Parth175,Parth175@iu.edu,123456,Admin
Parth176,Parth176@iu.edu,123456,Admin
Parth177,Parth177@iu.edu,123456,Admin
Parth178,Parth178@iu.edu,123456,Admin
Parth179,Parth179@iu.edu,123456,Admin
Parth180,Parth180@iu.edu,123456,Admin
Parth181,Parth181@iu.edu,123456,Admin
Parth182,Parth182@iu.edu,123456,Admin
Parth183,Parth183@iu.edu,123456,Admin
Parth184,Parth184@iu.edu,123456,Admin
Parth185,Parth185@iu.edu,123456,Admin
Parth186,Parth186@iu.edu,123456,Admin
Parth187,Parth187@iu.edu,123456,Admin
Parth188,Parth188@iu.edu,123456,Admin
Parth189,Parth189@iu.edu,123456,Admin
Parth190,Parth190@iu.edu,123456,Admin
Parth191,Parth191@iu.edu,123456,Admin
Parth192,Parth192@iu.edu,123456,Admin
Parth193,Parth193@iu.edu,123456,Admin
Parth194,Parth194@iu.edu,123456,Admin
Parth195,Parth195@iu.edu,123456,Admin
Parth196,Parth196@iu.edu,123456,Admin
Parth197,Parth197@iu.edu,123456,Admin
Parth198,Parth198@iu.edu,123456,Admin
Parth199,Parth199@iu.edu,123456,Admin
Parth200,Parth200@iu.edu,123456,Admin
Parth201,Parth201@iu.edu,123456,Admin
Parth202,Parth202@iu.edu,123456,Admin
Parth203,Parth203@iu.edu,123456,Admin
Parth204,Parth204@iu.edu,123456,Admin
Parth205,Parth205@iu.edu,123456,Admin
Parth206,Parth206@iu.edu,123456,Admin
Parth207,Parth207@iu.edu,123456,Admin
Parth208,Parth208@iu.edu,123456,Admin
Parth209,Parth209@iu.edu,123456,Admin
Parth210,Parth210@iu.edu,123456,Admin
Parth211,Parth211@iu.edu,123456,Admin
Parth212,Parth212@iu.edu,123456,Admin
Parth213,Parth213@iu.edu,123456,Admin
Parth214,Parth214@iu.edu,123456,Admin
Parth215,Parth215@iu.edu,123456,Admin
Parth216,Parth216@iu.edu,123456,Admin
Parth217,Parth217@iu.edu,123456,Admin
Parth218,Parth218@iu.edu,123456,Admin
Parth219,Parth219@iu.edu,123456,Admin
Parth220,Parth220@iu.edu,123456,Admin
Parth221,Parth221@iu.edu,123456,Admin
Parth222,Parth222@iu.edu,123456,Admin
Parth223,Parth223@iu.edu,123456,Admin
Parth224,Parth224@iu.edu,123456,Admin
Parth225,Parth225@iu.edu,123456,Admin
Parth226,Parth226@iu.edu,123456,Admin
Parth227,Parth227@iu.edu,123456,Admin
Parth228,Parth228@iu.edu,123456,Admin
Parth229,Parth229@iu.edu,123456,Admin
Parth230,Parth230@iu.edu,123456,Admin
Parth231,Parth231@iu.edu,123456,Admin
Parth232,Parth232@iu.edu,123456,Admin
Parth233,Parth233@iu.edu,123456,Admin
Parth234,Parth234@iu.edu,123456,Admin
Parth235,Parth235@iu.edu,123456,Admin
Parth236,Parth236@iu.edu,123456,Admin
Parth237,Parth237@iu.edu,123456,Admin
Parth238,Parth238@iu.edu,123456,Admin
Parth239,Parth239@iu.edu,123456,Admin
Parth240,Parth240@iu.edu,123456,Admin
Parth241,Parth241@iu.edu,123456,Admin
Parth242,Parth242@iu.edu,123456,Admin
Parth243,Parth243@iu.edu,123456,Admin
Parth244,Parth244@iu.edu,123456,Admin
Parth245,Parth245@iu.edu,123456,Admin
Parth246,Parth246@iu.edu,123456,Admin
Parth247,Parth247@iu.edu,123456,Admin
Parth248,Parth248@iu.edu,123456,Admin
Parth249,Parth249@iu.edu,123456,Admin
Parth250,Parth250@iu.edu,123456,Admin
Parth251,Parth251@iu.edu,123456,Admin
Parth252,Parth252@iu.edu,123456,Admin
Parth253,Parth253@iu.edu,123456,Admin
Parth254,Parth254@iu.edu,123456,Admin
Parth255,Parth255@iu.edu,123456,Admin
Parth256,Parth256@iu.edu,123456,Admin
Parth257,Parth257@iu.edu,123456,Admin
Parth258,Parth258@iu.edu,123456,Admin
Parth259,Parth259@iu.edu,123456,Admin
Parth260,Parth260@iu.edu,123456,Admin
Parth261,Parth261@iu.edu,123456,Admin
Parth262,Parth262@iu.edu,123456,Admin
Parth263,Parth263@iu.edu,123456,Admin
Parth264,Parth264@iu.edu,123456,Admin
Parth265,Parth265@iu.edu,123456,Admin
Parth266,Parth266@iu.edu,123456,Admin
Parth267,Parth267@iu.edu,123456,Admin
Parth268,Parth268@iu.edu,123456,Admin
Parth269,Parth269@iu.edu,123456,Admin
Parth270,Parth270@iu.edu,123456,Admin
Parth271,Parth271@iu.edu,123456,Admin
Parth272,Parth272@iu.edu,123456,Admin
Parth273,Parth273@iu.edu,123456,Admin
Parth274,Parth274@iu.edu,123456,Admin
Parth275,Parth275@iu.edu,123456,Admin
Parth276,Parth276@iu.edu,123456,Admin
Parth277,Parth277@iu.edu,123456,Admin
Parth278,Parth278@iu.edu,123456,Admin
Parth279,Parth279@iu.edu,123456,Admin
Parth280,Parth280@iu.edu,123456,Admin
Parth281,Parth281@iu.edu,123456,Admin
Parth282,Parth282@iu.edu,123456,Admin
Parth283,Parth283@iu.edu,123456,Admin
Parth284,Parth284@iu.edu,123456,Admin
Parth285,Parth285@iu.edu,123456,Admin
Parth286,Parth286@iu.edu,123456,Admin
Parth287,Parth287@iu.edu,123456,Admin
Parth288,Parth288@iu.edu,123456,Admin
Parth289,Parth289@iu.edu,123456,Admin
Parth290,Parth290@iu.edu,123456,Admin
Parth291,Parth291@iu.edu,123456,Admin
Parth292,Parth292@iu.edu,123456,Admin
Parth293,Parth293@iu.edu,123456,Admin
Parth294,Parth294@iu.edu,123456,Admin
Parth295,Parth295@iu.edu,123456,Admin
Parth296,Parth296@iu.edu,123456,Admin
Parth297,Parth297@iu.edu,123456,Admin
Parth298,Parth298@iu.edu,123456,Admin
Parth299,Parth299@iu.edu,123456,Admin
Parth300,Parth300@iu.edu,123456,Admin
Parth301,Parth301@iu.edu,123456,Admin
Parth302,Parth302@iu.edu,123456,Admin
Parth303,Parth303@iu.edu,123456,Admin
Parth304,Parth304@iu.edu,123456,Admin
Parth305,Parth305@iu.edu,123456,Admin
Parth306,Parth306@iu.edu,123456,Admin
Parth307,Parth307@iu.edu,123456,Admin
Parth308,Parth308@iu.edu,123456,Admin
Parth309,Parth309@iu.edu,123456,Admin
Parth310,Parth310@iu.edu,123456,Admin
Parth311,Parth311@iu.edu,123456,Admin
Parth312,Parth312@iu.edu,123456,Admin
Parth313,Parth313@iu.edu,123456,Admin
Parth314,Parth314@iu.edu,123456,Admin
Parth315,Parth315@iu.edu,123456,Admin
Parth316,Parth316@iu.edu,123456,Admin
Parth317,Parth317@iu.edu,123456,Admin
Parth318,Parth318@iu.edu,123456,Admin
Parth319,Parth319@iu.edu,123456,Admin
Parth320,Parth320@iu.edu,123456,Admin
Parth321,Parth321@iu.edu,123456,Admin
Parth322,Parth322@iu.edu,123456,Admin
Parth323,Parth323@iu.edu,123456,Admin
Parth324,Parth324@iu.edu,123456,Admin
Parth325,Parth325@iu.edu,123456,Admin
Parth326,Parth326@iu.edu,123456,Admin
Parth327,Parth327@iu.edu,123456,Admin
Parth328,Parth328@iu.edu,123456,Admin
Parth329,Parth329@iu.edu,123456,Admin
Parth330,Parth330@iu.edu,123456,Admin
Parth331,Parth331@iu.edu,123456,Admin
Parth332,Parth332@iu.edu,123456,Admin
Parth333,Parth333@iu.edu,123456,Admin
Parth334,Parth334@iu.edu,123456,Admin
Parth335,Parth335@iu.edu,123456,Admin
Parth336,Parth336@iu.edu,123456,Admin
Parth337,Parth337@iu.edu,123456,Admin
Parth338,Parth338@iu.edu,123456,Admin
Parth339,Parth339@iu.edu,123456,Admin
Parth340,Parth340@iu.edu,123456,Admin
Parth341,Parth341@iu.edu,123456,Admin
Parth342,Parth342@iu.edu,123456,Admin
Parth343,Parth343@iu.edu,123456,Admin
Parth344,Parth344@iu.edu,123456,Admin
Parth345,Parth345@iu.edu,123456,Admin
Parth346,Parth346@iu.edu,123456,Admin
Parth347,Parth347@iu.edu,123456,Admin
Parth348,Parth348@iu.edu,123456,Admin
Parth349,Parth349@iu.edu,123456,Admin
Parth350,Parth350@iu.edu,123456,Admin
Parth351,Parth351@iu.edu,123456,Admin
Parth352,Parth352@iu.edu,123456,Admin
Parth353,Parth353@iu.edu,123456,Admin
Parth354,Parth354@iu.edu,123456,Admin
Parth355,Parth355@iu.edu,123456,Admin
Parth356,Parth356@iu.edu,123456,Admin
Parth357,Parth357@iu.edu,123456,Admin
Parth358,Parth358@iu.edu,123456,Admin
Parth359,Parth359@iu.edu,123456,Admin
Parth360,Parth360@iu.edu,123456,Admin
Parth361,Parth361@iu.edu,123456,Admin
Parth362,Parth362@iu.edu,123456,Admin
Parth363,Parth363@iu.edu,123456,Admin
Parth364,Parth364@iu.edu,123456,Admin
Parth365,Parth365@iu.edu,123456,Admin
Parth366,Parth366@iu.edu,123456,Admin
Parth367,Parth367@iu.edu,123456,Admin
Parth368,Parth368@iu.edu,123456,Admin
Parth369,Parth369@iu.edu,123456,Admin
Parth370,Parth370@iu.edu,123456,Admin
Parth371,Parth371@iu.edu,123456,Admin
Parth372,Parth372@iu.edu,123456,Admin
Parth373,Parth373@iu.edu,123456,Admin
Parth374,Parth374@iu.edu,123456,Admin
Parth375,Parth375@iu.edu,123456,Admin
Parth376,Parth376@iu.edu,123456,Admin
Parth377,Parth377@iu.edu,123456,Admin
Parth378,Parth378@iu.edu,123456,Admin
Parth379,Parth379@iu.edu,123456,Admin
Parth380,Parth380@iu.edu,123456,Admin
Parth381,Parth381@iu.edu,123456,Admin
Parth382,Parth382@iu.edu,123456,Admin
Parth383,Parth383@iu.edu,123456,Admin
Parth384,Parth384@iu.edu,123456,Admin
Parth385,Parth385@iu.edu,123456,Admin
Parth386,Parth386@iu.edu,123456,Admin
Parth387,Parth387@iu.edu,123456,Admin
Parth388,Parth388@iu.edu,123456,Admin
Parth389,Parth389@iu.edu,123456,Admin
Parth390,Parth390@iu.edu,123456,Admin
Parth391,Parth391@iu.edu,123456,Admin
Parth392,Parth392@iu.edu,123456,Admin
Parth393,Parth393@iu.edu,123456,Admin
Parth394,Parth394@iu.edu,123456,Admin
Parth395,Parth395@iu.edu,123456,Admin
Parth396,Parth396@iu.edu,123456,Admin
Parth397,Parth397@iu.edu,123456,Admin
Parth398,Parth398@iu.edu,123456,Admin
Parth399,Parth399@iu.edu,123456,Admin
Parth400,Parth400@iu.edu,123456,Admin
Parth401,Parth401@iu.edu,123456,Admin
Parth402,Parth402@iu.edu,123456,Admin
Parth403,Parth403@iu.edu,123456,Admin
Parth404,Parth404@iu.edu,123456,Admin
Parth405,Parth405@iu.edu,123456,Admin
Parth406,Parth406@iu.edu,123456,Admin
Parth407,Parth407@iu.edu,123456,Admin
Parth408,Parth408@iu.edu,123456,Admin
Parth409,Parth409@iu.edu,123456,Admin
Parth410,Parth410@iu.edu,123456,Admin
Parth411,Parth411@iu.edu,123456,Admin
Parth412,Parth412@iu.edu,123456,Admin
Parth413,Parth413@iu.edu,123456,Admin
Parth414,Parth414@iu.edu,123456,Admin
Parth415,Parth415@iu.edu,123456,Admin
Parth416,Parth416@iu.edu,123456,Admin
Parth417,Parth417@iu.edu,123456,Admin
Parth418,Parth418@iu.edu,123456,Admin
Parth419,Parth419@iu.edu,123456,Admin
Parth420,Parth420@iu.edu,123456,Admin
Parth421,Parth421@iu.edu,123456,Admin
Parth422,Parth422@iu.edu,123456,Admin
Parth423,Parth423@iu.edu,123456,Admin
Parth424,Parth424@iu.edu,123456,Admin
Parth425,Parth425@iu.edu,123456,Admin
Parth426,Parth426@iu.edu,123456,Admin
Parth427,Parth427@iu.edu,123456,Admin
Parth428,Parth428@iu.edu,123456,Admin
Parth429,Parth429@iu.edu,123456,Admin
Parth430,Parth430@iu.edu,123456,Admin
Parth431,Parth431@iu.edu,123456,Admin
Parth432,Parth432@iu.edu,123456,Admin
Parth433,Parth433@iu.edu,123456,Admin
Parth434,Parth434@iu.edu,123456,Admin
Parth435,Parth435@iu.edu,123456,Admin
Parth436,Parth436@iu.edu,123456,Admin
Parth437,Parth437@iu.edu,123456,Admin
Parth438,Parth438@iu.edu,123456,Admin
Parth439,Parth439@iu.edu,123456,Admin
Parth440,Parth440@iu.edu,123456,Admin
Parth441,Parth441@iu.edu,123456,Admin
Parth442,Parth442@iu.edu,123456,Admin
Parth443,Parth443@iu.edu,123456,Admin
Parth444,Parth444@iu.edu,123456,Admin
Parth445,Parth445@iu.edu,123456,Admin
Parth446,Parth446@iu.edu,123456,Admin
Parth447,Parth447@iu.edu,123456,Admin
Parth448,Parth448@iu.edu,123456,Admin
Parth449,Parth449@iu.edu,123456,Admin
Parth450,Parth450@iu.edu,123456,Admin
Parth451,Parth451@iu.edu,123456,Admin
Parth452,Parth452@iu.edu,123456,Admin
Parth453,Parth453@iu.edu,123456,Admin
Parth454,Parth454@iu.edu,123456,Admin
Parth455,Parth455@iu.edu,123456,Admin
Parth456,Parth456@iu.edu,123456,Admin
Parth457,Parth457@iu.edu,123456,Admin
Parth458,Parth458@iu.edu,123456,Admin
Parth459,Parth459@iu.edu,123456,Admin
Parth460,Parth460@iu.edu,123456,Admin
Parth461,Parth461@iu.edu,123456,Admin
Parth462,Parth462@iu.edu,123456,Admin
Parth463,Parth463@iu.edu,123456,Admin
Parth464,Parth464@iu.edu,123456,Admin
Parth465,Parth465@iu.edu,123456,Admin
Parth466,Parth466@iu.edu,123456,Admin
Parth467,Parth467@iu.edu,123456,Admin
Parth468,Parth468@iu.edu,123456,Admin
Parth469,Parth469@iu.edu,123456,Admin
Parth470,Parth470@iu.edu,123456,Admin
Parth471,Parth471@iu.edu,123456,Admin
Parth472,Parth472@iu.edu,123456,Admin
Parth473,Parth473@iu.edu,123456,Admin
Parth474,Parth474@iu.edu,123456,Admin
Parth475,Parth475@iu.edu,123456,Admin
Parth476,Parth476@iu.edu,123456,Admin
Parth477,Parth477@iu.edu,123456,Admin
Parth478,Parth478@iu.edu,123456,Admin
Parth479,Parth479@iu.edu,123456,Admin
Parth480,Parth480@iu.edu,123456,Admin
Parth481,Parth481@iu.edu,123456,Admin
Parth482,Parth482@iu.edu,123456,Admin
Parth483,Parth483@iu.edu,123456,Admin
Parth484,Parth484@iu.edu,123456,Admin
Parth485,Parth485@iu.edu,123456,Admin
Parth486,Parth486@iu.edu,123456,Admin
Parth487,Parth487@iu.edu,123456,Admin
Parth488,Parth488@iu.edu,123456,Admin
Parth489,Parth489@iu.edu,123456,Admin
Parth490,Parth490@iu.edu,123456,Admin
Parth491,Parth491@iu.edu,123456,Admin
Parth492,Parth492@iu.edu,123456,Admin
Parth493,Parth493@iu.edu,123456,Admin
Parth494,Parth494@iu.edu,123456,Admin
Parth495,Parth495@iu.edu,123456,Admin
Parth496,Parth496@iu.edu,123456,Admin
Parth497,Parth497@iu.edu,123456,Admin
Parth498,Parth498@iu.edu,123456,Admin
Parth499,Parth499@iu.edu,123456,Admin
Parth500,Parth500@iu.edu,123456,Admin
Parth501,Parth501@iu.edu,123456,Admin
Parth502,Parth502@iu.edu,123456,Admin
Parth503,Parth503@iu.edu,123456,Admin
Parth504,Parth504@iu.edu,123456,Admin
Parth505,Parth505@iu.edu,123456,Admin
Parth506,Parth506@iu.edu,123456,Admin
Parth507,Parth507@iu.edu,123456,Admin
Parth508,Parth508@iu.edu,123456,Admin
Parth509,Parth509@iu.edu,123456,Admin
Parth510,Parth510@iu.edu,123456,Admin
Parth511,Parth511@iu.edu,123456,Admin
Parth512,Parth512@iu.edu,123456,Admin
Parth513,Parth513@iu.edu,123456,Admin
Parth514,Parth514@iu.edu,123456,Admin
Parth515,Parth515@iu.edu,123456,Admin
Parth516,Parth516@iu.edu,123456,Admin
Parth517,Parth517@iu.edu,123456,Admin
Parth518,Parth518@iu.edu,123456,Admin
Parth519,Parth519@iu.edu,123456,Admin
Parth520,Parth520@iu.edu,123456,Admin
Parth521,Parth521@iu.edu,123456,Admin
Parth522,Parth522@iu.edu,123456,Admin
Parth523,Parth523@iu.edu,123456,Admin
Parth524,Parth524@iu.edu,123456,Admin
Parth525,Parth525@iu.edu,123456,Admin
Parth526,Parth526@iu.edu,123456,Admin
Parth527,Parth527@iu.edu,123456,Admin
Parth528,Parth528@iu.edu,123456,Admin
Parth529,Parth529@iu.edu,123456,Admin
Parth530,Parth530@iu.edu,123456,Admin
Parth531,Parth531@iu.edu,123456,Admin
Parth532,Parth532@iu.edu,123456,Admin
Parth533,Parth533@iu.edu,123456,Admin
Parth534,Parth534@iu.edu,123456,Admin
Parth535,Parth535@iu.edu,123456,Admin
Parth536,Parth536@iu.edu,123456,Admin
Parth537,Parth537@iu.edu,123456,Admin
Parth538,Parth538@iu.edu,123456,Admin
Parth539,Parth539@iu.edu,123456,Admin
Parth540,Parth540@iu.edu,123456,Admin
Parth541,Parth541@iu.edu,123456,Admin
Parth542,Parth542@iu.edu,123456,Admin
Parth543,Parth543@iu.edu,123456,Admin
Parth544,Parth544@iu.edu,123456,Admin
Parth545,Parth545@iu.edu,123456,Admin
Parth546,Parth546@iu.edu,123456,Admin
Parth547,Parth547@iu.edu,123456,Admin
Parth548,Parth548@iu.edu,123456,Admin
Parth549,Parth549@iu.edu,123456,Admin
Parth550,Parth550@iu.edu,123456,Admin
Parth551,Parth551@iu.edu,123456,Admin
Parth552,Parth552@iu.edu,123456,Admin
Parth553,Parth553@iu.edu,123456,Admin
Parth554,Parth554@iu.edu,123456,Admin
Parth555,Parth555@iu.edu,123456,Admin
Parth556,Parth556@iu.edu,123456,Admin
Parth557,Parth557@iu.edu,123456,Admin
Parth558,Parth558@iu.edu,123456,Admin
Parth559,Parth559@iu.edu,123456,Admin
Parth560,Parth560@iu.edu,123456,Admin
Parth561,Parth561@iu.edu,123456,Admin
Parth562,Parth562@iu.edu,123456,Admin
Parth563,Parth563@iu.edu,123456,Admin
Parth564,Parth564@iu.edu,123456,Admin
Parth565,Parth565@iu.edu,123456,Admin
Parth566,Parth566@iu.edu,123456,Admin
Parth567,Parth567@iu.edu,123456,Admin
Parth568,Parth568@iu.edu,123456,Admin
Parth569,Parth569@iu.edu,123456,Admin
Parth570,Parth570@iu.edu,123456,Admin
Parth571,Parth571@iu.edu,123456,Admin
Parth572,Parth572@iu.edu,123456,Admin
Parth573,Parth573@iu.edu,123456,Admin
Parth574,Parth574@iu.edu,123456,Admin
Parth575,Parth575@iu.edu,123456,Admin
Parth576,Parth576@iu.edu,123456,Admin
Parth577,Parth577@iu.edu,123456,Admin
Parth578,Parth578@iu.edu,123456,Admin
Parth579,Parth579@iu.edu,123456,Admin
Parth580,Parth580@iu.edu,123456,Admin
Parth581,Parth581@iu.edu,123456,Admin
Parth582,Parth582@iu.edu,123456,Admin
Parth583,Parth583@iu.edu,123456,Admin
Parth584,Parth584@iu.edu,123456,Admin
Parth585,Parth585@iu.edu,123456,Admin
Parth586,Parth586@iu.edu,123456,Admin
Parth587,Parth587@iu.edu,123456,Admin
Parth588,Parth588@iu.edu,123456,Admin
Parth589,Parth589@iu.edu,123456,Admin
Parth590,Parth590@iu.edu,123456,Admin
Parth591,Parth591@iu.edu,123456,Admin
Parth592,Parth592@iu.edu,123456,Admin
Parth593,Parth593@iu.edu,123456,Admin
Parth594,Parth594@iu.edu,123456,Admin
Parth595,Parth595@iu.edu,123456,Admin
Parth596,Parth596@iu.edu,123456,Admin
Parth597,Parth597@iu.edu,123456,Admin
Parth598,Parth598@iu.edu,123456,Admin
Parth599,Parth599@iu.edu,123456,Admin
Parth600,Parth600@iu.edu,123456,Admin
Parth601,Parth601@iu.edu,123456,Admin
Parth602,Parth602@iu.edu,123456,Admin
Parth603,Parth603@iu.edu,123456,Admin
Parth604,Parth604@iu.edu,123456,Admin
Parth605,Parth605@iu.edu,123456,Admin
Parth606,Parth606@iu.edu,123456,Admin
Parth607,Parth607@iu.edu,123456,Admin
Parth608,Parth608@iu.edu,123456,Admin
Parth609,Parth609@iu.edu,123456,Admin
Parth610,Parth610@iu.edu,123456,Admin
Parth611,Parth611@iu.edu,123456,Admin
Parth612,Parth612@iu.edu,123456,Admin
Parth613,Parth613@iu.edu,123456,Admin
Parth614,Parth614@iu.edu,123456,Admin
Parth615,Parth615@iu.edu,123456,Admin
Parth616,Parth616@iu.edu,123456,Admin
Parth617,Parth617@iu.edu,123456,Admin
Parth618,Parth618@iu.edu,123456,Admin
Parth619,Parth619@iu.edu,123456,Admin
Parth620,Parth620@iu.edu,123456,Admin
Parth621,Parth621@iu.edu,123456,Admin
Parth622,Parth622@iu.edu,123456,Admin
Parth623,Parth623@iu.edu,123456,Admin
Parth624,Parth624@iu.edu,123456,Admin
Parth625,Parth625@iu.edu,123456,Admin
Parth626,Parth626@iu.edu,123456,Admin
Parth627,Parth627@iu.edu,123456,Admin
Parth628,Parth628@iu.edu,123456,Admin
Parth629,Parth629@iu.edu,123456,Admin
Parth630,Parth630@iu.edu,123456,Admin
Parth631,Parth631@iu.edu,123456,Admin
Parth632,Parth632@iu.edu,123456,Admin
Parth633,Parth633@iu.edu,123456,Admin
Parth634,Parth634@iu.edu,123456,Admin
Parth635,Parth635@iu.edu,123456,Admin
Parth636,Parth636@iu.edu,123456,Admin
Parth637,Parth637@iu.edu,123456,Admin
Parth638,Parth638@iu.edu,123456,Admin
Parth639,Parth639@iu.edu,123456,Admin
Parth640,Parth640@iu.edu,123456,Admin
Parth641,Parth641@iu.edu,123456,Admin
Parth642,Parth642@iu.edu,123456,Admin
Parth643,Parth643@iu.edu,123456,Admin
Parth644,Parth644@iu.edu,123456,Admin
Parth645,Parth645@iu.edu,123456,Admin
Parth646,Parth646@iu.edu,123456,Admin
Parth647,Parth647@iu.edu,123456,Admin
Parth648,Parth648@iu.edu,123456,Admin
Parth649,Parth649@iu.edu,123456,Admin
Parth650,Parth650@iu.edu,123456,Admin
Parth651,Parth651@iu.edu,123456,Admin
Parth652,Parth652@iu.edu,123456,Admin
Parth653,Parth653@iu.edu,123456,Admin
Parth654,Parth654@iu.edu,123456,Admin
Parth655,Parth655@iu.edu,123456,Admin
Parth656,Parth656@iu.edu,123456,Admin
Parth657,Parth657@iu.edu,123456,Admin
Parth658,Parth658@iu.edu,123456,Admin
Parth659,Parth659@iu.edu,123456,Admin
Parth660,Parth660@iu.edu,123456,Admin
Parth661,Parth661@iu.edu,123456,Admin
Parth662,Parth662@iu.edu,123456,Admin
Parth663,Parth663@iu.edu,123456,Admin
Parth664,Parth664@iu.edu,123456,Admin
Parth665,Parth665@iu.edu,123456,Admin
Parth666,Parth666@iu.edu,123456,Admin
Parth667,Parth667@iu.edu,123456,Admin
Parth668,Parth668@iu.edu,123456,Admin
Parth669,Parth669@iu.edu,123456,Admin
Parth670,Parth670@iu.edu,123456,Admin
Parth671,Parth671@iu.edu,123456,Admin
Parth672,Parth672@iu.edu,123456,Admin
Parth673,Parth673@iu.edu,123456,Admin
Parth674,Parth674@iu.edu,123456,Admin
Parth675,Parth675@iu.edu,123456,Admin
Parth676,Parth676@iu.edu,123456,Admin
Parth677,Parth677@iu.edu,123456,Admin
Parth678,Parth678@iu.edu,123456,Admin
Parth679,Parth679@iu.edu,123456,Admin
Parth680,Parth680@iu.edu,123456,Admin
Parth681,Parth681@iu.edu,123456,Admin
Parth682,Parth682@iu.edu,123456,Admin
Parth683,Parth683@iu.edu,123456,Admin
Parth684,Parth684@iu.edu,123456,Admin
Parth685,Parth685@iu.edu,123456,Admin
Parth686,Parth686@iu.edu,123456,Admin
Parth687,Parth687@iu.edu,123456,Admin
Parth688,Parth688@iu.edu,123456,Admin
Parth689,Parth689@iu.edu,123456,Admin
Parth690,Parth690@iu.edu,123456,Admin
Parth691,Parth691@iu.edu,123456,Admin
Parth692,Parth692@iu.edu,123456,Admin
Parth693,Parth693@iu.edu,123456,Admin
Parth694,Parth694@iu.edu,123456,Admin
Parth695,Parth695@iu.edu,123456,Admin
Parth696,Parth696@iu.edu,123456,Admin
Parth697,Parth697@iu.edu,123456,Admin
Parth698,Parth698@iu.edu,123456,Admin
Parth699,Parth699@iu.edu,123456,Admin
Parth700,Parth700@iu.edu,123456,Admin
Parth701,Parth701@iu.edu,123456,Admin
Parth702,Parth702@iu.edu,123456,Admin
Parth703,Parth703@iu.edu,123456,Admin
Parth704,Parth704@iu.edu,123456,Admin
Parth705,Parth705@iu.edu,123456,Admin
Parth706,Parth706@iu.edu,123456,Admin
Parth707,Parth707@iu.edu,123456,Admin
Parth708,Parth708@iu.edu,123456,Admin
Parth709,Parth709@iu.edu,123456,Admin
Parth710,Parth710@iu.edu,123456,Admin
Parth711,Parth711@iu.edu,123456,Admin
Parth712,Parth712@iu.edu,123456,Admin
Parth713,Parth713@iu.edu,123456,Admin
Parth714,Parth714@iu.edu,123456,Admin
Parth715,Parth715@iu.edu,123456,Admin
Parth716,Parth716@iu.edu,123456,Admin
Parth717,Parth717@iu.edu,123456,Admin
Parth718,Parth718@iu.edu,123456,Admin
Parth719,Parth719@iu.edu,123456,Admin
Parth720,Parth720@iu.edu,123456,Admin
Parth721,Parth721@iu.edu,123456,Admin
Parth722,Parth722@iu.edu,123456,Admin
Parth723,Parth723@iu.edu,123456,Admin
Parth724,Parth724@iu.edu,123456,Admin
Parth725,Parth725@iu.edu,123456,Admin
Parth726,Parth726@iu.edu,123456,Admin
Parth727,Parth727@iu.edu,123456,Admin
Parth728,Parth728@iu.edu,123456,Admin
Parth729,Parth729@iu.edu,123456,Admin
Parth730,Parth730@iu.edu,123456,Admin
Parth731,Parth731@iu.edu,123456,Admin
Parth732,Parth732@iu.edu,123456,Admin
Parth733,Parth733@iu.edu,123456,Admin
Parth734,Parth734@iu.edu,123456,Admin
Parth735,Parth735@iu.edu,123456,Admin
Parth736,Parth736@iu.edu,123456,Admin
Parth737,Parth737@iu.edu,123456,Admin
Parth738,Parth738@iu.edu,123456,Admin
Parth739,Parth739@iu.edu,123456,Admin
Parth740,Parth740@iu.edu,123456,Admin
Parth741,Parth741@iu.edu,123456,Admin
Parth742,Parth742@iu.edu,123456,Admin
Parth743,Parth743@iu.edu,123456,Admin
Parth744,Parth744@iu.edu,123456,Admin
Parth745,Parth745@iu.edu,123456,Admin
Parth746,Parth746@iu.edu,123456,Admin
Parth747,Parth747@iu.edu,123456,Admin
Parth748,Parth748@iu.edu,123456,Admin
Parth749,Parth749@iu.edu,123456,Admin
Parth750,Parth750@iu.edu,123456,Admin
Parth751,Parth751@iu.edu,123456,Admin
Parth752,Parth752@iu.edu,123456,Admin
Parth753,Parth753@iu.edu,123456,Admin
Parth754,Parth754@iu.edu,123456,Admin
Parth755,Parth755@iu.edu,123456,Admin
Parth756,Parth756@iu.edu,123456,Admin
Parth757,Parth757@iu.edu,123456,Admin
Parth758,Parth758@iu.edu,123456,Admin
Parth759,Parth759@iu.edu,123456,Admin
Parth760,Parth760@iu.edu,123456,Admin
Parth761,Parth761@iu.edu,123456,Admin
Parth762,Parth762@iu.edu,123456,Admin
Parth763,Parth763@iu.edu,123456,Admin
Parth764,Parth764@iu.edu,123456,Admin
Parth765,Parth765@iu.edu,123456,Admin
Parth766,Parth766@iu.edu,123456,Admin
Parth767,Parth767@iu.edu,123456,Admin
Parth768,Parth768@iu.edu,123456,Admin
Parth769,Parth769@iu.edu,123456,Admin
Parth770,Parth770@iu.edu,123456,Admin
Parth771,Parth771@iu.edu,123456,Admin
Parth772,Parth772@iu.edu,123456,Admin
Parth773,Parth773@iu.edu,123456,Admin
Parth774,Parth774@iu.edu,123456,Admin
Parth775,Parth775@iu.edu,123456,Admin
Parth776,Parth776@iu.edu,123456,Admin
Parth777,Parth777@iu.edu,123456,Admin
Parth778,Parth778@iu.edu,123456,Admin
Parth779,Parth779@iu.edu,123456,Admin
Parth780,Parth780@iu.edu,123456,Admin
Parth781,Parth781@iu.edu,123456,Admin
Parth782,Parth782@iu.edu,123456,Admin
Parth783,Parth783@iu.edu,123456,Admin
Parth784,Parth784@iu.edu,123456,Admin
Parth785,Parth785@iu.edu,123456,Admin
Parth786,Parth786@iu.edu,123456,Admin
Parth787,Parth787@iu.edu,123456,Admin
Parth788,Parth788@iu.edu,123456,Admin
Parth789,Parth789@iu.edu,123456,Admin
Parth790,Parth790@iu.edu,123456,Admin
Parth791,Parth791@iu.edu,123456,Admin
Parth792,Parth792@iu.edu,123456,Admin
Parth793,Parth793@iu.edu,123456,Admin
Parth794,Parth794@iu.edu,123456,Admin
Parth795,Parth795@iu.edu,123456,Admin
Parth796,Parth796@iu.edu,123456,Admin
Parth797,Parth797@iu.edu,123456,Admin
Parth798,Parth798@iu.edu,123456,Admin
Parth799,Parth799@iu.edu,123456,Admin
Parth800,Parth800@iu.edu,123456,Admin
Parth801,Parth801@iu.edu,123456,Admin
Parth802,Parth802@iu.edu,123456,Admin
Parth803,Parth803@iu.edu,123456,Admin
Parth804,Parth804@iu.edu,123456,Admin
Parth805,Parth805@iu.edu,123456,Admin
Parth806,Parth806@iu.edu,123456,Admin
Parth807,Parth807@iu.edu,123456,Admin
Parth808,Parth808@iu.edu,123456,Admin
Parth809,Parth809@iu.edu,123456,Admin
Parth810,Parth810@iu.edu,123456,Admin
Parth811,Parth811@iu.edu,123456,Admin
Parth812,Parth812@iu.edu,123456,Admin
Parth813,Parth813@iu.edu,123456,Admin
Parth814,Parth814@iu.edu,123456,Admin
Parth815,Parth815@iu.edu,123456,Admin
Parth816,Parth816@iu.edu,123456,Admin
Parth817,Parth817@iu.edu,123456,Admin
Parth818,Parth818@iu.edu,123456,Admin
Parth819,Parth819@iu.edu,123456,Admin
Parth820,Parth820@iu.edu,123456,Admin
Parth821,Parth821@iu.edu,123456,Admin
Parth822,Parth822@iu.edu,123456,Admin
Parth823,Parth823@iu.edu,123456,Admin
Parth824,Parth824@iu.edu,123456,Admin
Parth825,Parth825@iu.edu,123456,Admin
Parth826,Parth826@iu.edu,123456,Admin
Parth827,Parth827@iu.edu,123456,Admin
Parth828,Parth828@iu.edu,123456,Admin
Parth829,Parth829@iu.edu,123456,Admin
Parth830,Parth830@iu.edu,123456,Admin
Parth831,Parth831@iu.edu,123456,Admin
Parth832,Parth832@iu.edu,123456,Admin
Parth833,Parth833@iu.edu,123456,Admin
Parth834,Parth834@iu.edu,123456,Admin
Parth835,Parth835@iu.edu,123456,Admin
Parth836,Parth836@iu.edu,123456,Admin
Parth837,Parth837@iu.edu,123456,Admin
Parth838,Parth838@iu.edu,123456,Admin
Parth839,Parth839@iu.edu,123456,Admin
Parth840,Parth840@iu.edu,123456,Admin
Parth841,Parth841@iu.edu,123456,Admin
Parth842,Parth842@iu.edu,123456,Admin
Parth843,Parth843@iu.edu,123456,Admin
Parth844,Parth844@iu.edu,123456,Admin
Parth845,Parth845@iu.edu,123456,Admin
Parth846,Parth846@iu.edu,123456,Admin
Parth847,Parth847@iu.edu,123456,Admin
Parth848,Parth848@iu.edu,123456,Admin
Parth849,Parth849@iu.edu,123456,Admin
Parth850,Parth850@iu.edu,123456,Admin
Parth851,Parth851@iu.edu,123456,Admin
Parth852,Parth852@iu.edu,123456,Admin
Parth853,Parth853@iu.edu,123456,Admin
Parth854,Parth854@iu.edu,123456,Admin
Parth855,Parth855@iu.edu,123456,Admin
Parth856,Parth856@iu.edu,123456,Admin
Parth857,Parth857@iu.edu,123456,Admin
Parth858,Parth858@iu.edu,123456,Admin
Parth859,Parth859@iu.edu,123456,Admin
Parth860,Parth860@iu.edu,123456,Admin
Parth861,Parth861@iu.edu,123456,Admin
Parth862,Parth862@iu.edu,123456,Admin
Parth863,Parth863@iu.edu,123456,Admin
Parth864,Parth864@iu.edu,123456,Admin
Parth865,Parth865@iu.edu,123456,Admin
Parth866,Parth866@iu.edu,123456,Admin
Parth867,Parth867@iu.edu,123456,Admin
Parth868,Parth868@iu.edu,123456,Admin
Parth869,Parth869@iu.edu,123456,Admin
Parth870,Parth870@iu.edu,123456,Admin
Parth871,Parth871@iu.edu,123456,Admin
Parth872,Parth872@iu.edu,123456,Admin
Parth873,Parth873@iu.edu,123456,Admin
Parth874,Parth874@iu.edu,123456,Admin
Parth875,Parth875@iu.edu,123456,Admin
Parth876,Parth876@iu.edu,123456,Admin
Parth877,Parth877@iu.edu,123456,Admin
Parth878,Parth878@iu.edu,123456,Admin
Parth879,Parth879@iu.edu,123456,Admin
Parth880,Parth880@iu.edu,123456,Admin
Parth881,Parth881@iu.edu,123456,Admin
Parth882,Parth882@iu.edu,123456,Admin
Parth883,Parth883@iu.edu,123456,Admin
Parth884,Parth884@iu.edu,123456,Admin
Parth885,Parth885@iu.edu,123456,Admin
Parth886,Parth886@iu.edu,123456,Admin
Parth887,Parth887@iu.edu,123456,Admin
Parth888,Parth888@iu.edu,123456,Admin
Parth889,Parth889@iu.edu,123456,Admin
Parth890,Parth890@iu.edu,123456,Admin
Parth891,Parth891@iu.edu,123456,Admin
Parth892,Parth892@iu.edu,123456,Admin
Parth893,Parth893@iu.edu,123456,Admin
Parth894,Parth894@iu.edu,123456,Admin
Parth895,Parth895@iu.edu,123456,Admin
Parth896,Parth896@iu.edu,123456,Admin
Parth897,Parth897@iu.edu,123456,Admin
Parth898,Parth898@iu.edu,123456,Admin
Parth899,Parth899@iu.edu,123456,Admin
Parth900,Parth900@iu.edu,123456,Admin
Parth901,Parth901@iu.edu,123456,Admin
Parth902,Parth902@iu.edu,123456,Admin
Parth903,Parth903@iu.edu,123456,Admin
Parth904,Parth904@iu.edu,123456,Admin
Parth905,Parth905@iu.edu,123456,Admin
Parth906,Parth906@iu.edu,123456,Admin
Parth907,Parth907@iu.edu,123456,Admin
Parth908,Parth908@iu.edu,123456,Admin
Parth909,Parth909@iu.edu,123456,Admin
Parth910,Parth910@iu.edu,123456,Admin
Parth911,Parth911@iu.edu,123456,Admin
Parth912,Parth912@iu.edu,123456,Admin
Parth913,Parth913@iu.edu,123456,Admin
Parth914,Parth914@iu.edu,123456,Admin
Parth915,Parth915@iu.edu,123456,Admin
Parth916,Parth916@iu.edu,123456,Admin
Parth917,Parth917@iu.edu,123456,Admin
Parth918,Parth918@iu.edu,123456,Admin
Parth919,Parth919@iu.edu,123456,Admin
Parth920,Parth920@iu.edu,123456,Admin
Parth921,Parth921@iu.edu,123456,Admin
Parth922,Parth922@iu.edu,123456,Admin
Parth923,Parth923@iu.edu,123456,Admin
Parth924,Parth924@iu.edu,123456,Admin
Parth925,Parth925@iu.edu,123456,Admin
Parth926,Parth926@iu.edu,123456,Admin
Parth927,Parth927@iu.edu,123456,Admin
Parth928,Parth928@iu.edu,123456,Admin
Parth929,Parth929@iu.edu,123456,Admin
Parth930,Parth930@iu.edu,123456,Admin
Parth931,Parth931@iu.edu,123456,Admin
Parth932,Parth932@iu.edu,123456,Admin
Parth933,Parth933@iu.edu,123456,Admin
Parth934,Parth934@iu.edu,123456,Admin
Parth935,Parth935@iu.edu,123456,Admin
Parth936,Parth936@iu.edu,123456,Admin
Parth937,Parth937@iu.edu,123456,Admin
Parth938,Parth938@iu.edu,123456,Admin
Parth939,Parth939@iu.edu,123456,Admin
Parth940,Parth940@iu.edu,123456,Admin
Parth941,Parth941@iu.edu,123456,Admin
Parth942,Parth942@iu.edu,123456,Admin
Parth943,Parth943@iu.edu,123456,Admin
Parth944,Parth944@iu.edu,123456,Admin
Parth945,Parth945@iu.edu,123456,Admin
Parth946,Parth946@iu.edu,123456,Admin
Parth947,Parth947@iu.edu,123456,Admin
Parth948,Parth948@iu.edu,123456,Admin
Parth949,Parth949@iu.edu,123456,Admin
Parth950,Parth950@iu.edu,123456,Admin
Parth951,Parth951@iu.edu,123456,Admin
Parth952,Parth952@iu.edu,123456,Admin
Parth953,Parth953@iu.edu,123456,Admin
Parth954,Parth954@iu.edu,123456,Admin
Parth955,Parth955@iu.edu,123456,Admin
Parth956,Parth956@iu.edu,123456,Admin
Parth957,Parth957@iu.edu,123456,Admin
Parth958,Parth958@iu.edu,123456,Admin
Parth959,Parth959@iu.edu,123456,Admin
Parth960,Parth960@iu.edu,123456,Admin
Parth961,Parth961@iu.edu,123456,Admin
Parth962,Parth962@iu.edu,123456,Admin
Parth963,Parth963@iu.edu,123456,Admin
Parth964,Parth964@iu.edu,123456,Admin
Parth965,Parth965@iu.edu,123456,Admin
Parth966,Parth966@iu.edu,123456,Admin
Parth967,Parth967@iu.edu,123456,Admin
Parth968,Parth968@iu.edu,123456,Admin
Parth969,Parth969@iu.edu,123456,Admin
Parth970,Parth970@iu.edu,123456,Admin
Parth971,Parth971@iu.edu,123456,Admin
Parth972,Parth972@iu.edu,123456,Admin
Parth973,Parth973@iu.edu,123456,Admin
Parth974,Parth974@iu.edu,123456,Admin
Parth975,Parth975@iu.edu,123456,Admin
Parth976,Parth976@iu.edu,123456,Admin
Parth977,Parth977@iu.edu,123456,Admin
Parth978,Parth978@iu.edu,123456,Admin
Parth979,Parth979@iu.edu,123456,Admin
Parth980,Parth980@iu.edu,123456,Admin
Parth981,Parth981@iu.edu,123456,Admin
Parth982,Parth982@iu.edu,123456,Admin
Parth983,Parth983@iu.edu,123456,Admin
Parth984,Parth984@iu.edu,123456,Admin
Parth985,Parth985@iu.edu,123456,Admin
Parth986,Parth986@iu.edu,123456,Admin
Parth987,Parth987@iu.edu,123456,Admin
Parth988,Parth988@iu.edu,123456,Admin
Parth989,Parth989@iu.edu,123456,Admin
Parth990,Parth990@iu.edu,123456,Admin
Parth991,Parth991@iu.edu,123456,Admin
Parth992,Parth992@iu.edu,123456,Admin
Parth993,Parth993@iu.edu,123456,Admin
Parth994,Parth994@iu.edu,123456,Admin
Parth995,Parth995@iu.edu,123456,Admin
Parth996,Parth996@iu.edu,123456,Admin
Parth997,Parth997@iu.edu,123456,Admin
Parth998,Parth998@iu.edu,123456,Admin
Parth999,Parth999@iu.edu,123456,Admin