,name,email,password,role
0,Parth0,Parth0@iu.edu,123456,Admin
1,Parth1,Parth1@iu.edu,123456,Admin
2,Parth2,Parth2@iu.edu,123456,Admin
3,Parth3,Parth3@iu.edu,123456,Admin
4,Parth4,Parth4@iu.edu,123456,Admin
5,Parth5,Parth5@iu.edu,123456,Admin
6,Parth6,Parth6@iu.edu,123456,Admin
7,Parth7,Parth7@iu.edu,123456,Admin
8,Parth8,Parth8@iu.edu,123456,Admin
9,Parth9,Parth9@iu.edu,123456,Admin
10,Parth10,Parth10@iu.edu,123456,Admin
11,Parth11,Parth11@iu.edu,123456,Admin
12,Parth12,Parth12@iu.edu,123456,Admin
13,Parth13,Parth13@iu.edu,123456,Admin
14,Parth14,Parth14@iu.edu,123456,Admin
15,Parth15,Parth15@iu.edu,123456,Admin
16,Parth16,Parth16@iu.edu,123456,Admin
17,Parth17,Parth17@iu.edu,123456,Admin
18,Parth18,Parth18@iu.edu,123456,Admin
19,Parth19,Parth19@iu.edu,123456,Admin
20,Parth20,Parth20@iu.edu,123456,Admin
21,Parth21,Parth21@iu.edu,123456,Admin
22,Parth22,Parth22@iu.edu,123456,Admin
23,Parth23,Parth23@iu.edu,123456,Admin
24,Parth24,Parth24@iu.edu,123456,Admin
25,Parth25,Parth25@iu.edu,123456,Admin
26,Parth26,Parth26@iu.edu,123456,Admin
27,Parth27,Parth27@iu.edu,123456,Admin
28,Parth28,Parth28@iu.edu,123456,Admin
29,Parth29,Parth29@iu.edu,123456,Admin
30,Parth30,Parth30@iu.edu,123456,Admin
31,Parth31,Parth31@iu.edu,123456,Admin
32,Parth32,Parth32@iu.edu,123456,Admin
33,Parth33,Parth33@iu.edu,123456,Admin
34,Parth34,Parth34@iu.edu,123456,Admin
35,Parth35,Parth35@iu.edu,123456,Admin
36,Parth36,Parth36@iu.edu,123456,Admin
37,Parth37,Parth37@iu.edu,123456,Admin
38,Parth38,Parth38@iu.edu,123456,Admin
39,Parth39,Parth39@iu.edu,123456,Admin
40,Parth40,Parth40@iu.edu,123456,Admin
41,Parth41,Parth41@iu.edu,123456,Admin
42,Parth42,Parth42@iu.edu,123456,Admin
43,Parth43,Parth43@iu.edu,123456,Admin
44,Parth44,Parth44@iu.edu,123456,Admin
45,Parth45,Parth45@iu.edu,123456,Admin
46,Parth46,Parth46@iu.edu,123456,Admin
47,Parth47,Parth47@iu.edu,123456,Admin
48,Parth48,Parth48@iu.edu,123456,Admin
49,Parth49,Parth49@iu.edu,123456,Admin
50,Parth50,Parth50@iu.edu,123456,Admin
51,Parth51,Parth51@iu.edu,123456,Admin
52,Parth52,Parth52@iu.edu,123456,Admin
53,Parth53,Parth53@iu.edu,123456,Admin
54,Parth54,Parth54@iu.edu,123456,Admin
55,Parth55,Parth55@iu.edu,123456,Admin
56,Parth56,Parth56@iu.edu,123456,Admin
57,Parth57,Parth57@iu.edu,123456,Admin
58,Parth58,Parth58@iu.edu,123456,Admin
59,Parth59,Parth59@iu.edu,123456,Admin
60,Parth60,Parth60@iu.edu,123456,Admin
61,Parth61,Parth61@iu.edu,123456,Admin
62,Parth62,Parth62@iu.edu,123456,Admin
63,Parth63,Parth63@iu.edu,123456,Admin
64,Parth64,Parth64@iu.edu,123456,Admin
65,Parth65,Parth65@iu.edu,123456,Admin
66,Parth66,Parth66@iu.edu,123456,Admin
67,Parth67,Parth67@iu.edu,123456,Admin
68,Parth68,Parth68@iu.edu,123456,Admin
69,Parth69,Parth69@iu.edu,123456,Admin
70,Parth70,Parth70@iu.edu,123456,Admin
71,Parth71,Parth71@iu.edu,123456,Admin
72,Parth72,Parth72@iu.edu,123456,Admin
73,Parth73,Parth73@iu.edu,123456,Admin
74,Parth74,Parth74@iu.edu,123456,Admin
75,Parth75,Parth75@iu.edu,123456,Admin
76,Parth76,Parth76@iu.edu,123456,Admin
77,Parth77,Parth77@iu.edu,123456,Admin
78,Parth78,Parth78@iu.edu,123456,Admin
79,Parth79,Parth79@iu.edu,123456,Admin
80,Parth80,Parth80@iu.edu,123456,Admin
81,Parth81,Parth81@iu.edu,123456,Admin
82,Parth82,Parth82@iu.edu,123456,Admin
83,Parth83,Parth83@iu.edu,123456,Admin
84,Parth84,Parth84@iu.edu,123456,Admin
85,Parth85,Parth85@iu.edu,123456,Admin
86,Parth86,Parth86@iu.edu,123456,Admin
87,Parth87,Parth87@iu.edu,123456,Admin
88,Parth88,Parth88@iu.edu,123456,Admin
89,Parth89,Parth89@iu.edu,123456,Admin
90,Parth90,Parth90@iu.edu,123456,Admin
91,Parth91,Parth91@iu.edu,123456,Admin
92,Parth92,Parth92@iu.edu,123456,Admin
93,Parth93,Parth93@iu.edu,123456,Admin
94,Parth94,Parth94@iu.edu,123456,Admin
95,Parth95,Parth95@iu.edu,123456,Admin
96,Parth96,Parth96@iu.edu,123456,Admin
97,Parth97,Parth97@iu.edu,123456,Admin
98,Parth98,Parth98@iu.edu,123456,Admin
99,Parth99,Parth99@iu.edu,123456,Admin
100,Parth100,Parth100@iu.edu,123456,Admin
101,Parth101,Parth101@iu.edu,123456,Admin
102,Parth102,Parth102@iu.edu,123456,Admin
103,Parth103,Parth103@iu.edu,123456,Admin
104,Parth104,Parth104@iu.edu,123456,Admin
105,Parth105,Parth105@iu.edu,123456,Admin
106,Parth106,Parth106@iu.edu,123456,Admin
107,Parth107,Parth107@iu.edu,123456,Admin
108,Parth108,Parth108@iu.edu,123456,Admin
109,Parth109,Parth109@iu.edu,123456,Admin
110,Parth110,Parth110@iu.edu,123456,Admin
111,Parth111,Parth111@iu.edu,123456,Admin
112,Parth112,Parth112@iu.edu,123456,Admin
113,Parth113,Parth113@iu.edu,123456,Admin
114,Parth114,Parth114@iu.edu,123456,Admin
115,Parth115,Parth115@iu.edu,123456,Admin
116,Parth116,Parth116@iu.edu,123456,Admin
117,Parth117,Parth117@iu.edu,123456,Admin
118,Parth118,Parth118@iu.edu,123456,Admin
119,Parth119,Parth119@iu.edu,123456,Admin
120,Parth120,Parth120@iu.edu,123456,Admin
121,Parth121,Parth121@iu.edu,123456,Admin
122,Parth122,Parth122@iu.edu,123456,Admin
123,Parth123,Parth123@iu.edu,123456,Admin
124,Parth124,Parth124@iu.edu,123456,Admin
125,Parth125,Parth125@iu.edu,123456,Admin
126,Parth126,Parth126@iu.edu,123456,Admin
127,Parth127,Parth127@iu.edu,123456,Admin
128,Parth128,Parth128@iu.edu,123456,Admin
129,Parth129,Parth129@iu.edu,123456,Admin
130,Parth130,Parth130@iu.edu,123456,Admin
131,Parth131,Parth131@iu.edu,123456,Admin
132,Parth132,Parth132@iu.edu,123456,Admin
133,Parth133,Parth133@iu.edu,123456,Admin
134,Parth134,Parth134@iu.edu,123456,Admin
135,Parth135,Parth135@iu.edu,123456,Admin
136,Parth136,Parth136@iu.edu,123456,Admin
137,Parth137,Parth137@iu.edu,123456,Admin
138,Parth138,Parth138@iu.edu,123456,Admin
139,Parth139,Parth139@iu.edu,123456,Admin
140,Parth140,Parth140@iu.edu,123456,Admin
141,Parth141,Parth141@iu.edu,123456,Admin
142,Parth142,Parth142@iu.edu,123456,Admin
143,Parth143,Parth143@iu.edu,123456,Admin
144,Parth144,Parth144@iu.edu,123456,Admin
145,Parth145,Parth145@iu.edu,123456,Admin
146,Parth146,Parth146@iu.edu,123456,Admin
147,Parth147,Parth147@iu.edu,123456,Admin
148,Parth148,Parth148@iu.edu,123456,Admin
149,Parth149,Parth149@iu.edu,123456,Admin
150,Parth150,Parth150@iu.edu,123456,Admin
151,Parth151,Parth151@iu.edu,123456,Admin
152,Parth152,Parth152@iu.edu,123456,Admin
153,Parth153,Parth153@iu.edu,123456,Admin
154,Parth154,Parth154@iu.edu,123456,Admin
155,Parth155,Parth155@iu.edu,123456,Admin
156,Parth156,Parth156@iu.edu,123456,Admin
157,Parth157,Parth157@iu.edu,123456,Admin
158,Parth158,Parth158@iu.edu,123456,Admin
159,Parth159,Parth159@iu.edu,123456,Admin
160,Parth160,Parth160@iu.edu,123456,Admin
161,Parth161,Parth161@iu.edu,123456,Admin
162,Parth162,Parth162@iu.edu,123456,Admin
163,Parth163,Parth163@iu.edu,123456,Admin
164,Parth164,Parth164@iu.edu,123456,Admin
165,Parth165,Parth165@iu.edu,123456,Admin
166,Parth166,Parth166@iu.edu,123456,Admin
167,Parth167,Parth167@iu.edu,123456,Admin
168,Parth168,Parth168@iu.edu,123456,Admin
169,Parth169,Parth169@iu.edu,123456,Admin
170,Parth170,Parth170@iu.edu,123456,Admin
171,Parth171,Parth171@iu.edu,123456,Admin
172,Parth172,Parth172@iu.edu,123456,Admin
173,Parth173,Parth173@iu.edu,123456,Admin
174,Parth174,Parth174@iu.edu,123456,Admin
175,Parth175,Parth175@iu.edu,123456,Admin
176,Parth176,Parth176@iu.edu,123456,Admin
177,Parth177,Parth177@iu.edu,123456,Admin
178,Parth178,Parth178@iu.edu,123456,Admin
179,Parth179,Parth179@iu.edu,123456,Admin
180,Parth180,Parth180@iu.edu,123456,Admin
181,Parth181,Parth181@iu.edu,123456,Admin
182,Parth182,Parth182@iu.edu,123456,Admin
183,Parth183,Parth183@iu.edu,123456,Admin
184,Parth184,Parth184@iu.edu,123456,Admin
185,Parth185,Parth185@iu.edu,123456,Admin
186,Parth186,Parth186@iu.edu,123456,Admin
187,Parth187,Parth187@iu.edu,123456,Admin
188,Parth188,Parth188@iu.edu,123456,Admin
189,Parth189,Parth189@iu.edu,123456,Admin
190,Parth190,Parth190@iu.edu,123456,Admin
191,Parth191,Parth191@iu.edu,123456,Admin
192,Parth192,Parth192@iu.edu,123456,Admin
193,Parth193,Parth193@iu.edu,123456,Admin
194,Parth194,Parth194@iu.edu,123456,Admin
195,Parth195,Parth195@iu.edu,123456,Admin
196,Parth196,Parth196@iu.edu,123456,Admin
197,Parth197,Parth197@iu.edu,123456,Admin
198,Parth198,Parth198@iu.edu,123456,Admin
199,Parth199,Parth199@iu.edu,123456,Admin
200,Parth200,Parth200@iu.edu,123456,Admin
201,Parth201,Parth201@iu.edu,123456,Admin
202,Parth202,Parth202@iu.edu,123456,Admin
203,Parth203,Parth203@iu.edu,123456,Admin
204,Parth204,Parth204@iu.edu,123456,Admin
205,Parth205,Parth205@iu.edu,123456,Admin
206,Parth206,Parth206@iu.edu,123456,Admin
207,Parth207,Parth207@iu.edu,123456,Admin
208,Parth208,Parth208@iu.edu,123456,Admin
209,Parth209,Parth209@iu.edu,123456,Admin
210,Parth210,Parth210@iu.edu,123456,Admin
211,Parth211,Parth211@iu.edu,123456,Admin
212,Parth212,Parth212@iu.edu,123456,Admin
213,Parth213,Parth213@iu.edu,123456,Admin
214,Parth214,Parth214@iu.edu,123456,Admin
215,Parth215,Parth215@iu.edu,123456,Admin
216,Parth216,Parth216@iu.edu,123456,Admin
217,Parth217,Parth217@iu.edu,123456,Admin
218,Parth218,Parth218@iu.edu,123456,Admin
219,Parth219,Parth219@iu.edu,123456,Admin
220,Parth220,Parth220@iu.edu,123456,Admin
221,Parth221,Parth221@iu.edu,123456,Admin
222,Parth222,Parth222@iu.edu,123456,Admin
223,Parth223,Parth223@iu.edu,123456,Admin
224,Parth224,Parth224@iu.edu,123456,Admin
225,Parth225,Parth225@iu.edu,123456,Admin
226,Parth226,Parth226@iu.edu,123456,Admin
227,Parth227,Parth227@iu.edu,123456,Admin
228,Parth228,Parth228@iu.edu,123456,Admin
229,Parth229,Parth229@iu.edu,123456,Admin
230,Parth230,Parth230@iu.edu,123456,Admin
231,Parth231,Parth231@iu.edu,123456,Admin
232,Parth232,Parth232@iu.edu,123456,Admin
233,Parth233,Parth233@iu.edu,123456,Admin
234,Parth234,Parth234@iu.edu,123456,Admin
235,Parth235,Parth235@iu.edu,123456,Admin
236,Parth236,Parth236@iu.edu,123456,Admin
237,Parth237,Parth237@iu.edu,123456,Admin
238,Parth238,Parth238@iu.edu,123456,Admin
239,Parth239,Parth239@iu.edu,123456,Admin
240,Parth240,Parth240@iu.edu,123456,Admin
241,Parth241,Parth241@iu.edu,123456,Admin
242,Parth242,Parth242@iu.edu,123456,Admin
243,Parth243,Parth243@iu.edu,123456,Admin
244,Parth244,Parth244@iu.edu,123456,Admin
245,Parth245,Parth245@iu.edu,123456,Admin
246,Parth246,Parth246@iu.edu,123456,Admin
247,Parth247,Parth247@iu.edu,123456,Admin
248,Parth248,Parth248@iu.edu,123456,Admin
249,Parth249,Parth249@iu.edu,123456,Admin
250,Parth250,Parth250@iu.edu,123456,Admin
251,Parth251,Parth251@iu.edu,123456,Admin
252,Parth252,Parth252@iu.edu,123456,Admin
253,Parth253,Parth253@iu.edu,123456,Admin
254,Parth254,Parth254@iu.edu,123456,Admin
255,Parth255,Parth255@iu.edu,123456,Admin
256,Parth256,Parth256@iu.edu,123456,Admin
257,Parth257,Parth257@iu.edu,123456,Admin
258,Parth258,Parth258@iu.edu,123456,Admin
259,Parth259,Parth259@iu.edu,123456,Admin
260,Parth260,Parth260@iu.edu,123456,Admin
261,Parth261,Parth261@iu.edu,123456,Admin
262,Parth262,Parth262@iu.edu,123456,Admin
263,Parth263,Parth263@iu.edu,123456,Admin
264,Parth264,Parth264@iu.edu,123456,Admin
265,Parth265,Parth265@iu.edu,123456,Admin
266,Parth266,Parth266@iu.edu,123456,Admin
267,Parth267,Parth267@iu.edu,123456,Admin
268,Parth268,Parth268@iu.edu,123456,Admin
269,Parth269,Parth269@iu.edu,123456,Admin
270,Parth270,Parth270@iu.edu,123456,Admin
271,Parth271,Parth271@iu.edu,123456,Admin
272,Parth272,Parth272@iu.edu,123456,Admin
273,Parth273,Parth273@iu.edu,123456,Admin
274,Parth274,Parth274@iu.edu,123456,Admin
275,Parth275,Parth275@iu.edu,123456,Admin
276,Parth276,Parth276@iu.edu,123456,Admin
277,Parth277,Parth277@iu.edu,123456,Admin
278,Parth278,Parth278@iu.edu,123456,Admin
279,Parth279,Parth279@iu.edu,123456,Admin
280,Parth280,Parth280@iu.edu,123456,Admin
281,Parth281,Parth281@iu.edu,123456,Admin
282,Parth282,Parth282@iu.edu,123456,Admin
283,Parth283,Parth283@iu.edu,123456,Admin
284,Parth284,Parth284@iu.edu,123456,Admin
285,Parth285,Parth285@iu.edu,123456,Admin
286,Parth286,Parth286@iu.edu,123456,Admin
287,Parth287,Parth287@iu.edu,123456,Admin
288,Parth288,Parth288@iu.edu,123456,Admin
289,Parth289,Parth289@iu.edu,123456,Admin
290,Parth290,Parth290@iu.edu,123456,Admin
291,Parth291,Parth291@iu.edu,123456,Admin
292,Parth292,Parth292@iu.edu,123456,Admin
293,Parth293,Parth293@iu.edu,123456,Admin
294,Parth294,Parth294@iu.edu,123456,Admin
295,Parth295,Parth295@iu.edu,123456,Admin
296,Parth296,Parth296@iu.edu,123456,Admin
297,Parth297,Parth297@iu.edu,123456,Admin
298,Parth298,Parth298@iu.edu,123456,Admin
299,Parth299,Parth299@iu.edu,123456,Admin
300,Parth300,Parth300@iu.edu,123456,Admin
301,Parth301,Parth301@iu.edu,123456,Admin
302,Parth302,Parth302@iu.edu,123456,Admin
303,Parth303,Parth303@iu.edu,123456,Admin
304,Parth304,Parth304@iu.edu,123456,Admin
305,Parth305,Parth305@iu.edu,123456,Admin
306,Parth306,Parth306@iu.edu,123456,Admin
307,Parth307,Parth307@iu.edu,123456,Admin
308,Parth308,Parth308@iu.edu,123456,Admin
309,Parth309,Parth309@iu.edu,123456,Admin
310,Parth310,Parth310@iu.edu,123456,Admin
311,Parth311,Parth311@iu.edu,123456,Admin
312,Parth312,Parth312@iu.edu,123456,Admin
313,Parth313,Parth313@iu.edu,123456,Admin
314,Parth314,Parth314@iu.edu,123456,Admin
315,Parth315,Parth315@iu.edu,123456,Admin
316,Parth316,Parth316@iu.edu,123456,Admin
317,Parth317,Parth317@iu.edu,123456,Admin
318,Parth318,Parth318@iu.edu,123456,Admin
319,Parth319,Parth319@iu.edu,123456,Admin
320,Parth320,Parth320@iu.edu,123456,Admin
321,Parth321,Parth321@iu.edu,123456,Admin
322,Parth322,Parth322@iu.edu,123456,Admin
323,Parth323,Parth323@iu.edu,123456,Admin
324,Parth324,Parth324@iu.edu,123456,Admin
325,Parth325,Parth325@iu.edu,123456,Admin
326,Parth326,Parth326@iu.edu,123456,Admin
327,Parth327,Parth327@iu.edu,123456,Admin
328,Parth328,Parth328@iu.edu,123456,Admin
329,Parth329,Parth329@iu.edu,123456,Admin
330,Parth330,Parth330@iu.edu,123456,Admin
331,Parth331,Parth331@iu.edu,123456,Admin
332,Parth332,Parth332@iu.edu,123456,Admin
333,Parth333,Parth333@iu.edu,123456,Admin
334,Parth334,Parth334@iu.edu,123456,Admin
335,Parth335,Parth335@iu.edu,123456,Admin
336,Parth336,Parth336@iu.edu,123456,Admin
337,Parth337,Parth337@iu.edu,123456,Admin
338,Parth338,Parth338@iu.edu,123456,Admin
339,Parth339,Parth339@iu.edu,123456,Admin
340,Parth340,Parth340@iu.edu,123456,Admin
341,Parth341,Parth341@iu.edu,123456,Admin
342,Parth342,Parth342@iu.edu,123456,Admin
343,Parth343,Parth343@iu.edu,123456,Admin
344,Parth344,Parth344@iu.edu,123456,Admin
345,Parth345,Parth345@iu.edu,123456,Admin
346,Parth346,Parth346@iu.edu,123456,Admin
347,Parth347,Parth347@iu.edu,123456,Admin
348,Parth348,Parth348@iu.edu,123456,Admin
349,Parth349,Parth349@iu.edu,123456,Admin
350,Parth350,Parth350@iu.edu,123456,Admin
351,Parth351,Parth351@iu.edu,123456,Admin
352,Parth352,Parth352@iu.edu,123456,Admin
353,Parth353,Parth353@iu.edu,123456,Admin
354,Parth354,Parth354@iu.edu,123456,Admin
355,Parth355,Parth355@iu.edu,123456,Admin
356,Parth356,Parth356@iu.edu,123456,Admin
357,Parth357,Parth357@iu.edu,123456,Admin
358,Parth358,Parth358@iu.edu,123456,Admin
359,Parth359,Parth359@iu.edu,123456,Admin
360,Parth360,Parth360@iu.edu,123456,Admin
361,Parth361,Parth361@iu.edu,123456,Admin
362,Parth362,Parth362@iu.edu,123456,Admin
363,Parth363,Parth363@iu.edu,123456,Admin
364,Parth364,Parth364@iu.edu,123456,Admin
365,Parth365,Parth365@iu.edu,123456,Admin
366,Parth366,Parth366@iu.edu,123456,Admin
367,Parth367,Parth367@iu.edu,123456,Admin
368,Parth368,Parth368@iu.edu,123456,Admin
369,Parth369,Parth369@iu.edu,123456,Admin
370,Parth370,Parth370@iu.edu,123456,Admin
371,Parth371,Parth371@iu.edu,123456,Admin
372,Parth372,Parth372@iu.edu,123456,Admin
373,Parth373,Parth373@iu.edu,123456,Admin
374,Parth374,Parth374@iu.edu,123456,Admin
375,Parth375,Parth375@iu.edu,123456,Admin
376,Parth376,Parth376@iu.edu,123456,Admin
377,Parth377,Parth377@iu.edu,123456,Admin
378,Parth378,Parth378@iu.edu,123456,Admin
379,Parth379,Parth379@iu.edu,123456,Admin
380,Parth380,Parth380@iu.edu,123456,Admin
381,Parth381,Parth381@iu.edu,123456,Admin
382,Parth382,Parth382@iu.edu,123456,Admin
383,Parth383,Parth383@iu.edu,123456,Admin
384,Parth384,Parth384@iu.edu,123456,Admin
385,Parth385,Parth385@iu.edu,123456,Admin
386,Parth386,Parth386@iu.edu,123456,Admin
387,Parth387,Parth387@iu.edu,123456,Admin
388,Parth388,Parth388@iu.edu,123456,Admin
389,Parth389,Parth389@iu.edu,123456,Admin
390,Parth390,Parth390@iu.edu,123456,Admin
391,Parth391,Parth391@iu.edu,123456,Admin
392,Parth392,Parth392@iu.edu,123456,Admin
393,Parth393,Parth393@iu.edu,123456,Admin
394,Parth394,Parth394@iu.edu,123456,Admin
395,Parth395,Parth395@iu.edu,123456,Admin
396,Parth396,Parth396@iu.edu,123456,Admin
397,Parth397,Parth397@iu.edu,123456,Admin
398,Parth398,Parth398@iu.edu,123456,Admin
399,Parth399,Parth399@iu.edu,123456,Admin
400,Parth400,Parth400@iu.edu,123456,Admin
401,Parth401,Parth401@iu.edu,123456,Admin
402,Parth402,Parth402@iu.edu,123456,Admin
403,Parth403,Parth403@iu.edu,123456,Admin
404,Parth404,Parth404@iu.edu,123456,Admin
405,Parth405,Parth405@iu.edu,123456,Admin
406,Parth406,Parth406@iu.edu,123456,Admin
407,Parth407,Parth407@iu.edu,123456,Admin
408,Parth408,Parth408@iu.edu,123456,Admin
409,Parth409,Parth409@iu.edu,123456,Admin
410,Parth410,Parth410@iu.edu,123456,Admin
411,Parth411,Parth411@iu.edu,123456,Admin
412,Parth412,Parth412@iu.edu,123456,Admin
413,Parth413,Parth413@iu.edu,123456,Admin
414,Parth414,Parth414@iu.edu,123456,Admin
415,Parth415,Parth415@iu.edu,123456,Admin
416,Parth416,Parth416@iu.edu,123456,Admin
417,Parth417,Parth417@iu.edu,123456,Admin
418,Parth418,Parth418@iu.edu,123456,Admin
419,Parth419,Parth419@iu.edu,123456,Admin
420,Parth420,Parth420@iu.edu,123456,Admin
421,Parth421,Parth421@iu.edu,123456,Admin
422,Parth422,Parth422@iu.edu,123456,Admin
423,Parth423,Parth423@iu.edu,123456,Admin
424,Parth424,Parth424@iu.edu,123456,Admin
425,Parth425,Parth425@iu.edu,123456,Admin
426,Parth426,Parth426@iu.edu,123456,Admin
427,Parth427,Parth427@iu.edu,123456,Admin
428,Parth428,Parth428@iu.edu,123456,Admin
429,Parth429,Parth429@iu.edu,123456,Admin
430,Parth430,Parth430@iu.edu,123456,Admin
431,Parth431,Parth431@iu.edu,123456,Admin
432,Parth432,Parth432@iu.edu,123456,Admin
433,Parth433,Parth433@iu.edu,123456,Admin
434,Parth434,Parth434@iu.edu,123456,Admin
435,Parth435,Parth435@iu.edu,123456,Admin
436,Parth436,Parth436@iu.edu,123456,Admin
437,Parth437,Parth437@iu.edu,123456,Admin
438,Parth438,Parth438@iu.edu,123456,Admin
439,Parth439,Parth439@iu.edu,123456,Admin
440,Parth440,Parth440@iu.edu,123456,Admin
441,Parth441,Parth441@iu.edu,123456,Admin
442,Parth442,Parth442@iu.edu,123456,Admin
443,Parth443,Parth443@iu.edu,123456,Admin
444,Parth444,Parth444@iu.edu,123456,Admin
445,Parth445,Parth445@iu.edu,123456,Admin
446,Parth446,Parth446@iu.edu,123456,Admin
447,Parth447,Parth447@iu.edu,123456,Admin
448,Parth448,Parth448@iu.edu,123456,Admin
449,Parth449,Parth449@iu.edu,123456,Admin
450,Parth450,Parth450@iu.edu,123456,Admin
451,Parth451,Parth451@iu.edu,123456,Admin
452,Parth452,Parth452@iu.edu,123456,Admin
453,Parth453,Parth453@iu.edu,123456,Admin
454,Parth454,Parth454@iu.edu,123456,Admin
455,Parth455,Parth455@iu.edu,123456,Admin
456,Parth456,Parth456@iu.edu,123456,Admin
457,Parth457,Parth457@iu.edu,123456,Admin
458,Parth458,Parth458@iu.edu,123456,Admin
459,Parth459,Parth459@iu.edu,123456,Admin
460,Parth460,Parth460@iu.edu,123456,Admin
461,Parth461,Parth461@iu.edu,123456,Admin
462,Parth462,Parth462@iu.edu,123456,Admin
463,Parth463,Parth463@iu.edu,123456,Admin
464,Parth464,Parth464@iu.edu,123456,Admin
465,Parth465,Parth465@iu.edu,123456,Admin
466,Parth466,Parth466@iu.edu,123456,Admin
467,Parth467,Parth467@iu.edu,123456,Admin
468,Parth468,Parth468@iu.edu,123456,Admin
469,Parth469,Parth469@iu.edu,123456,Admin
470,Parth470,Parth470@iu.edu,123456,Admin
471,Parth471,Parth471@iu.edu,123456,Admin
472,Parth472,Parth472@iu.edu,123456,Admin
473,Parth473,Parth473@iu.edu,123456,Admin
474,Parth474,Parth474@iu.edu,123456,Admin
475,Parth475,Parth475@iu.edu,123456,Admin
476,Parth476,Parth476@iu.edu,123456,Admin
477,Parth477,Parth477@iu.edu,123456,Admin
478,Parth478,Parth478@iu.edu,123456,Admin
479,Parth479,Parth479@iu.edu,123456,Admin
480,Parth480,Parth480@iu.edu,123456,Admin
481,Parth481,Parth481@iu.edu,123456,Admin
482,Parth482,Parth482@iu.edu,123456,Admin
483,Parth483,Parth483@iu.edu,123456,Admin
484,Parth484,Parth484@iu.edu,123456,Admin
485,Parth485,Parth485@iu.edu,123456,Admin
486,Parth486,Parth486@iu.edu,123456,Admin
487,Parth487,Parth487@iu.edu,123456,Admin
488,Parth488,Parth488@iu.edu,123456,Admin
489,Parth489,Parth489@iu.edu,123456,Admin
490,Parth490,Parth490@iu.edu,123456,Admin
491,Parth491,Parth491@iu.edu,123456,Admin
492,Parth492,Parth492@iu.edu,123456,Admin
493,Parth493,Parth493@iu.edu,123456,Admin
494,Parth494,Parth494@iu.edu,123456,Admin
495,Parth495,Parth495@iu.edu,123456,Admin
496,Parth496,Parth496@iu.edu,123456,Admin
497,Parth497,Parth497@iu.edu,123456,Admin
498,Parth498,Parth498@iu.edu,123456,Admin
499,Parth499,Parth499@iu.edu,123456,Admin
500,Parth500,Parth500@iu.edu,123456,Admin
501,Parth501,Parth501@iu.edu,123456,Admin
502,Parth502,Parth502@iu.edu,123456,Admin
503,Parth503,Parth503@iu.edu,123456,Admin
504,Parth504,Parth504@iu.edu,123456,Admin
505,Parth505,Parth505@iu.edu,123456,Admin
506,Parth506,Parth506@iu.edu,123456,Admin
507,Parth507,Parth507@iu.edu,123456,Admin
508,Parth508,Parth508@iu.edu,123456,Admin
509,Parth509,Parth509@iu.edu,123456,Admin
510,Parth510,Parth510@iu.edu,123456,Admin
511,Parth511,Parth511@iu.edu,123456,Admin
512,Parth512,Parth512@iu.edu,123456,Admin
513,Parth513,Parth513@iu.edu,123456,Admin
514,Parth514,Parth514@iu.edu,123456,Admin
515,Parth515,Parth515@iu.edu,123456,Admin
516,Parth516,Parth516@iu.edu,123456,Admin
517,Parth517,Parth517@iu.edu,123456,Admin
518,Parth518,Parth518@iu.edu,123456,Admin
519,Parth519,Parth519@iu.edu,123456,Admin
520,Parth520,Parth520@iu.edu,123456,Admin
521,Parth521,Parth521@iu.edu,123456,Admin
522,Parth522,Parth522@iu.edu,123456,Admin
523,Parth523,Parth523@iu.edu,123456,Admin
524,Parth524,Parth524@iu.edu,123456,Admin
525,Parth525,Parth525@iu.edu,123456,Admin
526,Parth526,Parth526@iu.edu,123456,Admin
527,Parth527,Parth527@iu.edu,123456,Admin
528,Parth528,Parth528@iu.edu,123456,Admin
529,Parth529,Parth529@iu.edu,123456,Admin
530,Parth530,Parth530@iu.edu,123456,Admin
531,Parth531,Parth531@iu.edu,123456,Admin
532,Parth532,Parth532@iu.edu,123456,Admin
533,Parth533,Parth533@iu.edu,123456,Admin
534,Parth534,Parth534@iu.edu,123456,Admin
535,Parth535,Parth535@iu.edu,123456,Admin
536,Parth536,Parth536@iu.edu,123456,Admin
537,Parth537,Parth537@iu.edu,123456,Admin
538,Parth538,Parth538@iu.edu,123456,Admin
539,Parth539,Parth539@iu.edu,123456,Admin
540,Parth540,Parth540@iu.edu,123456,Admin
541,Parth541,Parth541@iu.edu,123456,Admin
542,Parth542,Parth542@iu.edu,123456,Admin
543,Parth543,Parth543@iu.edu,123456,Admin
544,Parth544,Parth544@iu.edu,123456,Admin
545,Parth545,Parth545@iu.edu,123456,Admin
546,Parth546,Parth546@iu.edu,123456,Admin
547,Parth547,Parth547@iu.edu,123456,Admin
548,Parth548,Parth548@iu.edu,123456,Admin
549,Parth549,Parth549@iu.edu,123456,Admin
550,Parth550,Parth550@iu.edu,123456,Admin
551,Parth551,Parth551@iu.edu,123456,Admin
552,Parth552,Parth552@iu.edu,123456,Admin
553,Parth553,Parth553@iu.edu,123456,Admin
554,Parth554,Parth554@iu.edu,123456,Admin
555,Parth555,Parth555@iu.edu,123456,Admin
556,Parth556,Parth556@iu.edu,123456,Admin
557,Parth557,Parth557@iu.edu,123456,Admin
558,Parth558,Parth558@iu.edu,123456,Admin
559,Parth559,Parth559@iu.edu,123456,Admin
560,Parth560,Parth560@iu.edu,123456,Admin
561,Parth561,Parth561@iu.edu,123456,Admin
562,Parth562,Parth562@iu.edu,123456,Admin
563,Parth563,Parth563@iu.edu,123456,Admin
564,Parth564,Parth564@iu.edu,123456,Admin
565,Parth565,Parth565@iu.edu,123456,Admin
566,Parth566,Parth566@iu.edu,123456,Admin
567,Parth567,Parth567@iu.edu,123456,Admin
568,Parth568,Parth568@iu.edu,123456,Admin
569,Parth569,Parth569@iu.edu,123456,Admin
570,Parth570,Parth570@iu.edu,123456,Admin
571,Parth571,Parth571@iu.edu,123456,Admin
572,Parth572,Parth572@iu.edu,123456,Admin
573,Parth573,Parth573@iu.edu,123456,Admin
574,Parth574,Parth574@iu.edu,123456,Admin
575,Parth575,Parth575@iu.edu,123456,Admin
576,Parth576,Parth576@iu.edu,123456,Admin
577,Parth577,Parth577@iu.edu,123456,Admin
578,Parth578,Parth578@iu.edu,123456,Admin
579,Parth579,Parth579@iu.edu,123456,Admin
580,Parth580,Parth580@iu.edu,123456,Admin
581,Parth581,Parth581@iu.edu,123456,Admin
582,Parth582,Parth582@iu.edu,123456,Admin
583,Parth583,Parth583@iu.edu,123456,Admin
584,Parth584,Parth584@iu.edu,123456,Admin
585,Parth585,Parth585@iu.edu,123456,Admin
586,Parth586,Parth586@iu.edu,123456,Admin
587,Parth587,Parth587@iu.edu,123456,Admin
588,Parth588,Parth588@iu.edu,123456,Admin
589,Parth589,Parth589@iu.edu,123456,Admin
590,Parth590,Parth590@iu.edu,123456,Admin
591,Parth591,Parth591@iu.edu,123456,Admin
592,Parth592,Parth592@iu.edu,123456,Admin
593,Parth593,Parth593@iu.edu,123456,Admin
594,Parth594,Parth594@iu.edu,123456,Admin
595,Parth595,Parth595@iu.edu,123456,Admin
596,Parth596,Parth596@iu.edu,123456,Admin
597,Parth597,Parth597@iu.edu,123456,Admin
598,Parth598,Parth598@iu.edu,123456,Admin
599,Parth599,Parth599@iu.edu,123456,Admin
600,Parth600,Parth600@iu.edu,123456,Admin
601,Parth601,Parth601@iu.edu,123456,Admin
602,Parth602,Parth602@iu.edu,123456,Admin
603,Parth603,Parth603@iu.edu,123456,Admin
604,Parth604,Parth604@iu.edu,123456,Admin
605,Parth605,Parth605@iu.edu,123456,Admin
606,Parth606,Parth606@iu.edu,123456,Admin
607,Parth607,Parth607@iu.edu,123456,Admin
608,Parth608,Parth608@iu.edu,123456,Admin
609,Parth609,Parth609@iu.edu,123456,Admin
610,Parth610,Parth610@iu.edu,123456,Admin
611,Parth611,Parth611@iu.edu,123456,Admin
612,Parth612,Parth612@iu.edu,123456,Admin
613,Parth613,Parth613@iu.edu,123456,Admin
614,Parth614,Parth614@iu.edu,123456,Admin
615,Parth615,Parth615@iu.edu,123456,Admin
616,Parth616,Parth616@iu.edu,123456,Admin
617,Parth617,Parth617@iu.edu,123456,Admin
618,Parth618,Parth618@iu.edu,123456,Admin
619,Parth619,Parth619@iu.edu,123456,Admin
620,Parth620,Parth620@iu.edu,123456,Admin
621,Parth621,Parth621@iu.edu,123456,Admin
622,Parth622,Parth622@iu.edu,123456,Admin
623,Parth623,Parth623@iu.edu,123456,Admin
624,Parth624,Parth624@iu.edu,123456,Admin
625,Parth625,Parth625@iu.edu,123456,Admin
626,Parth626,Parth626@iu.edu,123456,Admin
627,Parth627,Parth627@iu.edu,123456,Admin
628,Parth628,Parth628@iu.edu,123456,Admin
629,Parth629,Parth629@iu.edu,123456,Admin
630,Parth630,Parth630@iu.edu,123456,Admin
631,Parth631,Parth631@iu.edu,123456,Admin
632,Parth632,Parth632@iu.edu,123456,Admin
633,Parth633,Parth633@iu.edu,123456,Admin
634,Parth634,Parth634@iu.edu,123456,Admin
635,Parth635,Parth635@iu.edu,123456,Admin
636,Parth636,Parth636@iu.edu,123456,Admin
637,Parth637,Parth637@iu.edu,123456,Admin
638,Parth638,Parth638@iu.edu,123456,Admin
639,Parth639,Parth639@iu.edu,123456,Admin
640,Parth640,Parth640@iu.edu,123456,Admin
641,Parth641,Parth641@iu.edu,123456,Admin
642,Parth642,Parth642@iu.edu,123456,Admin
643,Parth643,Parth643@iu.edu,123456,Admin
644,Parth644,Parth644@iu.edu,123456,Admin
645,Parth645,Parth645@iu.edu,123456,Admin
646,Parth646,Parth646@iu.edu,123456,Admin
647,Parth647,Parth647@iu.edu,123456,Admin
648,Parth648,Parth648@iu.edu,123456,Admin
649,Parth649,Parth649@iu.edu,123456,Admin
650,Parth650,Parth650@iu.edu,123456,Admin
651,Parth651,Parth651@iu.edu,123456,Admin
652,Parth652,Parth652@iu.edu,123456,Admin
653,Parth653,Parth653@iu.edu,123456,Admin
654,Parth654,Parth654@iu.edu,123456,Admin
655,Parth655,Parth655@iu.edu,123456,Admin
656,Parth656,Parth656@iu.edu,123456,Admin
657,Parth657,Parth657@iu.edu,123456,Admin
658,Parth658,Parth658@iu.edu,123456,Admin
659,Parth659,Parth659@iu.edu,123456,Admin
660,Parth660,Parth660@iu.edu,123456,Admin
661,Parth661,Parth661@iu.edu,123456,Admin
662,Parth662,Parth662@iu.edu,123456,Admin
663,Parth663,Parth663@iu.edu,123456,Admin
664,Parth664,Parth664@iu.edu,123456,Admin
665,Parth665,Parth665@iu.edu,123456,Admin
666,Parth666,Parth666@iu.edu,123456,Admin
667,Parth667,Parth667@iu.edu,123456,Admin
668,Parth668,Parth668@iu.edu,123456,Admin
669,Parth669,Parth669@iu.edu,123456,Admin
670,Parth670,Parth670@iu.edu,123456,Admin
671,Parth671,Parth671@iu.edu,123456,Admin
672,Parth672,Parth672@iu.edu,123456,Admin
673,Parth673,Parth673@iu.edu,123456,Admin
674,Parth674,Parth674@iu.edu,123456,Admin
675,Parth675,Parth675@iu.edu,123456,Admin
676,Parth676,Parth676@iu.edu,123456,Admin
677,Parth677,Parth677@iu.edu,123456,Admin
678,Parth678,Parth678@iu.edu,123456,Admin
679,Parth679,Parth679@iu.edu,123456,Admin
680,Parth680,Parth680@iu.edu,123456,Admin
681,Parth681,Parth681@iu.edu,123456,Admin
682,Parth682,Parth682@iu.edu,123456,Admin
683,Parth683,Parth683@iu.edu,123456,Admin
684,Parth684,Parth684@iu.edu,123456,Admin
685,Parth685,Parth685@iu.edu,123456,Admin
686,Parth686,Parth686@iu.edu,123456,Admin
687,Parth687,Parth687@iu.edu,123456,Admin
688,Parth688,Parth688@iu.edu,123456,Admin
689,Parth689,Parth689@iu.edu,123456,Admin
690,Parth690,Parth690@iu.edu,123456,Admin
691,Parth691,Parth691@iu.edu,123456,Admin
692,Parth692,Parth692@iu.edu,123456,Admin
693,Parth693,Parth693@iu.edu,123456,Admin
694,Parth694,Parth694@iu.edu,123456,Admin
695,Parth695,Parth695@iu.edu,123456,Admin
696,Parth696,Parth696@iu.edu,123456,Admin
697,Parth697,Parth697@iu.edu,123456,Admin
698,Parth698,Parth698@iu.edu,123456,Admin
699,Parth699,Parth699@iu.edu,123456,Admin
700,Parth700,Parth700@iu.edu,123456,Admin
701,Parth701,Parth701@iu.edu,123456,Admin
702,Parth702,Parth702@iu.edu,123456,Admin
703,Parth703,Parth703@iu.edu,123456,Admin
704,Parth704,Parth704@iu.edu,123456,Admin
705,Parth705,Parth705@iu.edu,123456,Admin
706,Parth706,Parth706@iu.edu,123456,Admin
707,Parth707,Parth707@iu.edu,123456,Admin
708,Parth708,Parth708@iu.edu,123456,Admin
709,Parth709,Parth709@iu.edu,123456,Admin
710,Parth710,Parth710@iu.edu,123456,Admin
711,Parth711,Parth711@iu.edu,123456,Admin
712,Parth712,Parth712@iu.edu,123456,Admin
713,Parth713,Parth713@iu.edu,123456,Admin
714,Parth714,Parth714@iu.edu,123456,Admin
715,Parth715,Parth715@iu.edu,123456,Admin
716,Parth716,Parth716@iu.edu,123456,Admin
717,Parth717,Parth717@iu.edu,123456,Admin
718,Parth718,Parth718@iu.edu,123456,Admin
719,Parth719,Parth719@iu.edu,123456,Admin
720,Parth720,Parth720@iu.edu,123456,Admin
721,Parth721,Parth721@iu.edu,123456,Admin
722,Parth722,Parth722@iu.edu,123456,Admin
723,Parth723,Parth723@iu.edu,123456,Admin
724,Parth724,Parth724@iu.edu,123456,Admin
725,Parth725,Parth725@iu.edu,123456,Admin
726,Parth726,Parth726@iu.edu,123456,Admin
727,Parth727,Parth727@iu.edu,123456,Admin
728,Parth728,Parth728@iu.edu,123456,Admin
729,Parth729,Parth729@iu.edu,123456,Admin
730,Parth730,Parth730@iu.edu,123456,Admin
731,Parth731,Parth731@iu.edu,123456,Admin
732,Parth732,Parth732@iu.edu,123456,Admin
733,Parth733,Parth733@iu.edu,123456,Admin
734,Parth734,Parth734@iu.edu,123456,Admin
735,Parth735,Parth735@iu.edu,123456,Admin
736,Parth736,Parth736@iu.edu,123456,Admin
737,Parth737,Parth737@iu.edu,123456,Admin
738,Parth738,Parth738@iu.edu,123456,Admin
739,Parth739,Parth739@iu.edu,123456,Admin
740,Parth740,Parth740@iu.edu,123456,Admin
741,Parth741,Parth741@iu.edu,123456,Admin
742,Parth742,Parth742@iu.edu,123456,Admin
743,Parth743,Parth743@iu.edu,123456,Admin
744,Parth744,Parth744@iu.edu,123456,Admin
745,Parth745,Parth745@iu.edu,123456,Admin
746,Parth746,Parth746@iu.edu,123456,Admin
747,Parth747,Parth747@iu.edu,123456,Admin
748,Parth748,Parth748@iu.edu,123456,Admin
749,Parth749,Parth749@iu.edu,123456,Admin
750,Parth750,Parth750@iu.edu,123456,Admin
751,Parth751,Parth751@iu.edu,123456,Admin
752,Parth752,Parth752@iu.edu,123456,Admin
753,Parth753,Parth753@iu.edu,123456,Admin
754,Parth754,Parth754@iu.edu,123456,Admin
755,Parth755,Parth755@iu.edu,123456,Admin
756,Parth756,Parth756@iu.edu,123456,Admin
757,Parth757,Parth757@iu.edu,123456,Admin
758,Parth758,Parth758@iu.edu,123456,Admin
759,Parth759,Parth759@iu.edu,123456,Admin
760,Parth760,Parth760@iu.edu,123456,Admin
761,Parth761,Parth761@iu.edu,123456,Admin
762,Parth762,Parth762@iu.edu,123456,Admin
763,Parth763,Parth763@iu.edu,123456,Admin
764,Parth764,Parth764@iu.edu,123456,Admin
765,Parth765,Parth765@iu.edu,123456,Admin
766,Parth766,Parth766@iu.edu,123456,Admin
767,Parth767,Parth767@iu.edu,123456,Admin
768,Parth768,Parth768@iu.edu,123456,Admin
769,Parth769,Parth769@iu.edu,123456,Admin
770,Parth770,Parth770@iu.edu,123456,Admin
771,Parth771,Parth771@iu.edu,123456,Admin
772,Parth772,Parth772@iu.edu,123456,Admin
773,Parth773,Parth773@iu.edu,123456,Admin
774,Parth774,Parth774@iu.edu,123456,Admin
775,Parth775,Parth775@iu.edu,123456,Admin
776,Parth776,Parth776@iu.edu,123456,Admin
777,Parth777,Parth777@iu.edu,123456,Admin
778,Parth778,Parth778@iu.edu,123456,Admin
779,Parth779,Parth779@iu.edu,123456,Admin
780,Parth780,Parth780@iu.edu,123456,Admin
781,Parth781,Parth781@iu.edu,123456,Admin
782,Parth782,Parth782@iu.edu,123456,Admin
783,Parth783,Parth783@iu.edu,123456,Admin
784,Parth784,Parth784@iu.edu,123456,Admin
785,Parth785,Parth785@iu.edu,123456,Admin
786,Parth786,Parth786@iu.edu,123456,Admin
787,Parth787,Parth787@iu.edu,123456,Admin
788,Parth788,Parth788@iu.edu,123456,Admin
789,Parth789,Parth789@iu.edu,123456,Admin
790,Parth790,Parth790@iu.edu,123456,Admin
791,Parth791,Parth791@iu.edu,123456,Admin
792,Parth792,Parth792@iu.edu,123456,Admin
793,Parth793,Parth793@iu.edu,123456,Admin
794,Parth794,Parth794@iu.edu,123456,Admin
795,Parth795,Parth795@iu.edu,123456,Admin
796,Parth796,Parth796@iu.edu,123456,Admin
797,Parth797,Parth797@iu.edu,123456,Admin
798,Parth798,Parth798@iu.edu,123456,Admin
799,Parth799,Parth799@iu.edu,123456,Admin
800,Parth800,Parth800@iu.edu,123456,Admin
801,Parth801,Parth801@iu.edu,123456,Admin
802,Parth802,Parth802@iu.edu,123456,Admin
803,Parth803,Parth803@iu.edu,123456,Admin
804,Parth804,Parth804@iu.edu,123456,Admin
805,Parth805,Parth805@iu.edu,123456,Admin
806,Parth806,Parth806@iu.edu,123456,Admin
807,Parth807,Parth807@iu.edu,123456,Admin
808,Parth808,Parth808@iu.edu,123456,Admin
809,Parth809,Parth809@iu.edu,123456,Admin
810,Parth810,Parth810@iu.edu,123456,Admin
811,Parth811,Parth811@iu.edu,123456,Admin
812,Parth812,Parth812@iu.edu,123456,Admin
813,Parth813,Parth813@iu.edu,123456,Admin
814,Parth814,Parth814@iu.edu,123456,Admin
815,Parth815,Parth815@iu.edu,123456,Admin
816,Parth816,Parth816@iu.edu,123456,Admin
817,Parth817,Parth817@iu.edu,123456,Admin
818,Parth818,Parth818@iu.edu,123456,Admin
819,Parth819,Parth819@iu.edu,123456,Admin
820,Parth820,Parth820@iu.edu,123456,Admin
821,Parth821,Parth821@iu.edu,123456,Admin
822,Parth822,Parth822@iu.edu,123456,Admin
823,Parth823,Parth823@iu.edu,123456,Admin
824,Parth824,Parth824@iu.edu,123456,Admin
825,Parth825,Parth825@iu.edu,123456,Admin
826,Parth826,Parth826@iu.edu,123456,Admin
827,Parth827,Parth827@iu.edu,123456,Admin
828,Parth828,Parth828@iu.edu,123456,Admin
829,Parth829,Parth829@iu.edu,123456,Admin
830,Parth830,Parth830@iu.edu,123456,Admin
831,Parth831,Parth831@iu.edu,123456,Admin
832,Parth832,Parth832@iu.edu,123456,Admin
833,Parth833,Parth833@iu.edu,123456,Admin
834,Parth834,Parth834@iu.edu,123456,Admin
835,Parth835,Parth835@iu.edu,123456,Admin
836,Parth836,Parth836@iu.edu,123456,Admin
837,Parth837,Parth837@iu.edu,123456,Admin
838,Parth838,Parth838@iu.edu,123456,Admin
839,Parth839,Parth839@iu.edu,123456,Admin
840,Parth840,Parth840@iu.edu,123456,Admin
841,Parth841,Parth841@iu.edu,123456,Admin
842,Parth842,Parth842@iu.edu,123456,Admin
843,Parth843,Parth843@iu.edu,123456,Admin
844,Parth844,Parth844@iu.edu,123456,Admin
845,Parth845,Parth845@iu.edu,123456,Admin
846,Parth846,Parth846@iu.edu,123456,Admin
847,Parth847,Parth847@iu.edu,123456,Admin
848,Parth848,Parth848@iu.edu,123456,Admin
849,Parth849,Parth849@iu.edu,123456,Admin
850,Parth850,Parth850@iu.edu,123456,Admin
851,Parth851,Parth851@iu.edu,123456,Admin
852,Parth852,Parth852@iu.edu,123456,Admin
853,Parth853,Parth853@iu.edu,123456,Admin
854,Parth854,Parth854@iu.edu,123456,Admin
855,Parth855,Parth855@iu.edu,123456,Admin
856,Parth856,Parth856@iu.edu,123456,Admin
857,Parth857,Parth857@iu.edu,123456,Admin
858,Parth858,Parth858@iu.edu,123456,Admin
859,Parth859,Parth859@iu.edu,123456,Admin
860,Parth860,Parth860@iu.edu,123456,Admin
861,Parth861,Parth861@iu.edu,123456,Admin
862,Parth862,Parth862@iu.edu,123456,Admin
863,Parth863,Parth863@iu.edu,123456,Admin
864,Parth864,Parth864@iu.edu,123456,Admin
865,Parth865,Parth865@iu.edu,123456,Admin
866,Parth866,Parth866@iu.edu,123456,Admin
867,Parth867,Parth867@iu.edu,123456,Admin
868,Parth868,Parth868@iu.edu,123456,Admin
869,Parth869,Parth869@iu.edu,123456,Admin
870,Parth870,Parth870@iu.edu,123456,Admin
871,Parth871,Parth871@iu.edu,123456,Admin
872,Parth872,Parth872@iu.edu,123456,Admin
873,Parth873,Parth873@iu.edu,123456,Admin
874,Parth874,Parth874@iu.edu,123456,Admin
875,Parth875,Parth875@iu.edu,123456,Admin
876,Parth876,Parth876@iu.edu,123456,Admin
877,Parth877,Parth877@iu.edu,123456,Admin
878,Parth878,Parth878@iu.edu,123456,Admin
879,Parth879,Parth879@iu.edu,123456,Admin
880,Parth880,Parth880@iu.edu,123456,Admin
881,Parth881,Parth881@iu.edu,123456,Admin
882,Parth882,Parth882@iu.edu,123456,Admin
883,Parth883,Parth883@iu.edu,123456,Admin
884,Parth884,Parth884@iu.edu,123456,Admin
885,Parth885,Parth885@iu.edu,123456,Admin
886,Parth886,Parth886@iu.edu,123456,Admin
887,Parth887,Parth887@iu.edu,123456,Admin
888,Parth888,Parth888@iu.edu,123456,Admin
889,Parth889,Parth889@iu.edu,123456,Admin
890,Parth890,Parth890@iu.edu,123456,Admin
891,Parth891,Parth891@iu.edu,123456,Admin
892,Parth892,Parth892@iu.edu,123456,Admin
893,Parth893,Parth893@iu.edu,123456,Admin
894,Parth894,Parth894@iu.edu,123456,Admin
895,Parth895,Parth895@iu.edu,123456,Admin
896,Parth896,Parth896@iu.edu,123456,Admin
897,Parth897,Parth897@iu.edu,123456,Admin
898,Parth898,Parth898@iu.edu,123456,Admin
899,Parth899,Parth899@iu.edu,123456,Admin
900,Parth900,Parth900@iu.edu,123456,Admin
901,Parth901,Parth901@iu.edu,123456,Admin
902,Parth902,Parth902@iu.edu,123456,Admin
903,Parth903,Parth903@iu.edu,123456,Admin
904,Parth904,Parth904@iu.edu,123456,Admin
905,Parth905,Parth905@iu.edu,123456,Admin
906,Parth906,Parth906@iu.edu,123456,Admin
907,Parth907,Parth907@iu.edu,123456,Admin
908,Parth908,Parth908@iu.edu,123456,Admin
909,Parth909,Parth909@iu.edu,123456,Admin
910,Parth910,Parth910@iu.edu,123456,Admin
911,Parth911,Parth911@iu.edu,123456,Admin
912,Parth912,Parth912@iu.edu,123456,Admin
913,Parth913,Parth913@iu.edu,123456,Admin
914,Parth914,Parth914@iu.edu,123456,Admin
915,Parth915,Parth915@iu.edu,123456,Admin
916,Parth916,Parth916@iu.edu,123456,Admin
917,Parth917,Parth917@iu.edu,123456,Admin
918,Parth918,Parth918@iu.edu,123456,Admin
919,Parth919,Parth919@iu.edu,123456,Admin
920,Parth920,Parth920@iu.edu,123456,Admin
921,Parth921,Parth921@iu.edu,123456,Admin
922,Parth922,Parth922@iu.edu,123456,Admin
923,Parth923,Parth923@iu.edu,123456,Admin
924,Parth924,Parth924@iu.edu,123456,Admin
925,Parth925,Parth925@iu.edu,123456,Admin
926,Parth926,Parth926@iu.edu,123456,Admin
927,Parth927,Parth927@iu.edu,123456,Admin
928,Parth928,Parth928@iu.edu,123456,Admin
929,Parth929,Parth929@iu.edu,123456,Admin
930,Parth930,Parth930@iu.edu,123456,Admin
931,Parth931,Parth931@iu.edu,123456,Admin
932,Parth932,Parth932@iu.edu,123456,Admin
933,Parth933,Parth933@iu.edu,123456,Admin
934,Parth934,Parth934@iu.edu,123456,Admin
935,Parth935,Parth935@iu.edu,123456,Admin
936,Parth936,Parth936@iu.edu,123456,Admin
937,Parth937,Parth937@iu.edu,123456,Admin
938,Parth938,Parth938@iu.edu,123456,Admin
939,Parth939,Parth939@iu.edu,123456,Admin
940,Parth940,Parth940@iu.edu,123456,Admin
941,Parth941,Parth941@iu.edu,123456,Admin
942,Parth942,Parth942@iu.edu,123456,Admin
943,Parth943,Parth943@iu.edu,123456,Admin
944,Parth944,Parth944@iu.edu,123456,Admin
945,Parth945,Parth945@iu.edu,123456,Admin
946,Parth946,Parth946@iu.edu,123456,Admin
947,Parth947,Parth947@iu.edu,123456,Admin
948,Parth948,Parth948@iu.edu,123456,Admin
949,Parth949,Parth949@iu.edu,123456,Admin
950,Parth950,Parth950@iu.edu,123456,Admin
951,Parth951,Parth951@iu.edu,123456,Admin
952,Parth952,Parth952@iu.edu,123456,Admin
953,Parth953,Parth953@iu.edu,123456,Admin
954,Parth954,Parth954@iu.edu,123456,Admin
955,Parth955,Parth955@iu.edu,123456,Admin
956,Parth956,Parth956@iu.edu,123456,Admin
957,Parth957,Parth957@iu.edu,123456,Admin
958,Parth958,Parth958@iu.edu,123456,Admin
959,Parth959,Parth959@iu.edu,123456,Admin
960,Parth960,Parth960@iu.edu,123456,Admin
961,Parth961,Parth961@iu.edu,123456,Admin
962,Parth962,Parth962@iu.edu,123456,Admin
963,Parth963,Parth963@iu.edu,123456,Admin
964,Parth964,Parth964@iu.edu,123456,Admin
965,Parth965,Parth965@iu.edu,123456,Admin
966,Parth966,Parth966@iu.edu,123456,Admin
967,Parth967,Parth967@iu.edu,123456,Admin
968,Parth968,Parth968@iu.edu,123456,Admin
969,Parth969,Parth969@iu.edu,123456,Admin
970,Parth970,Parth970@iu.edu,123456,Admin
971,Parth971,Parth971@iu.edu,123456,Admin
972,Parth972,Parth972@iu.edu,123456,Admin
973,Parth973,Parth973@iu.edu,123456,Admin
974,Parth974,Parth974@iu.edu,123456,Admin
975,Parth975,Parth975@iu.edu,123456,Admin
976,Parth976,Parth976@iu.edu,123456,Admin
977,Parth977,Parth977@iu.edu,123456,Admin
978,Parth978,Parth978@iu.edu,123456,Admin
979,Parth979,Parth979@iu.edu,123456,Admin
980,Parth980,Parth980@iu.edu,123456,Admin
981,Parth981,Parth981@iu.edu,123456,Admin
982,Parth982,Parth982@iu.edu,123456,Admin
983,Parth983,Parth983@iu.edu,123456,Admin
984,Parth984,Parth984@iu.edu,123456,Admin
985,Parth985,Parth985@iu.edu,123456,Admin
986,Parth986,Parth986@iu.edu,123456,Admin
987,Parth987,Parth987@iu.edu,123456,Admin
988,Parth988,Parth988@iu.edu,123456,Admin
989,Parth989,Parth989@iu.edu,123456,Admin
990,Parth990,Parth990@iu.edu,123456,Admin
991,Parth991,Parth991@iu.edu,123456,Admin
992,Parth992,Parth992@iu.edu,123456,Admin
993,Parth993,Parth993@iu.edu,123456,Admin
994,Parth994,Parth994@iu.edu,123456,Admin
995,Parth995,Parth995@iu.edu,123456,Admin
996,Parth996,Parth996@iu.edu,123456,Admin
997,Parth997,Parth997@iu.edu,123456,Admin
998,Parth998,Parth998@iu.edu,123456,Admin
999,Parth999,Parth999@iu.edu,123456,Admin
